id,gravy,tiny,small,aliphatic,aromatic,non_polar,polar,charged,basic,acidic,helix,turn,sheet
TLQVTGG,0.682089432013548,1.209170364913241,0.0456344169213538,0.46297076251484204,-0.9535834027422666,0.0456344169213538,-0.045634416921354025,-0.9493546668347536,-0.7476589957385343,-0.7979738140435522,0.05911108101282006,0.24477911143406636,-0.39106944470343086
GMSLYWS,0.607380676660645,0.5318368803854339,0.587207570679186,-0.26461912132055704,0.6973510161646985,0.587207570679186,-0.5872075706791866,-0.9493546668347536,-0.7476589957385343,-0.7979738140435522,0.7068047996461635,0.9644029472347639,0.5119149383456927
GWAGE,0.022784666024178876,1.344637061818803,0.9121514629338862,0.0264168322136027,0.20207069049260912,0.9121514629338862,-0.912151462933886,-0.20913320196939492,-0.7476589957385343,0.5285189618063783,-0.3295051501671859,0.8204781800746246,1.234302444784992
CGGGF,1.003337080031031,2.292903940157733,1.6703538781948515,-0.9922090051559561,0.20207069049260912,1.6703538781948515,-1.670353878194852,-0.9493546668347536,-0.7476589957385343,-0.7979738140435522,-0.3295051501671859,1.827951550195601,-1.2940538277525544
TPKEK,-1.31076661702514,-0.5518966948590576,-1.3624557828490105,-0.9922090051559561,-0.9535834027422666,-1.3624557828490105,1.3624557828490111,1.2713097277613226,1.4482339876510706,0.5285189618063783,-1.236276356253867,-0.18699519004635207,-0.029875691483781275
EKSAQRW,-0.9615031857503187,-0.14549660414237336,-1.0375118905943113,-0.26461912132055704,-0.12811619328878404,-1.0375118905943113,1.037511890594311,0.6368341864481576,0.8208359923968975,0.14952102584925522,-0.5885826376205234,-0.4748447243666312,0.5119149383456927
IGHWTQ,0.009710633837420761,0.08028122403356239,-0.22515215995756233,-0.14335414068132388,0.9725067526491926,-0.22515215995756233,0.22515215995756238,-0.3325034461136214,0.16729641400713421,-0.7979738140435522,0.2750089872239346,-0.3549074183998483,-1.2940538277525544
KEEKG,-1.5199511320132686,-0.5518966948590576,-1.3624557828490105,-0.9922090051559561,-0.9535834027422666,-1.3624557828490105,1.3624557828490111,2.0115311926266806,1.4482339876510706,1.855011737656309,-1.236276356253867,-0.18699519004635207,1.234302444784992
GMSMYWS,0.4299473826975003,0.5318368803854339,0.587207570679186,-0.9922090051559561,0.6973510161646985,0.587207570679186,-0.5872075706791866,-0.9493546668347536,-0.7476589957385343,-0.7979738140435522,0.05911108101282006,0.9644029472347639,0.5119149383456927
AWQPT,-0.17332581677719167,0.39637018347987263,0.15394904767292075,0.0264168322136027,0.20207069049260912,0.15394904767292075,-0.15394904767292036,-0.9493546668347536,-0.7476589957385343,-0.7979738140435522,-0.3295051501671859,-0.18699519004635207,-0.029875691483781275
VVCWY,1.6047425606219001,-0.5518966948590576,1.6703538781948515,1.0450426695831616,1.3577247837274848,1.6703538781948515,-1.670353878194852,-0.9493546668347536,-0.7476589957385343,-0.7979738140435522,2.390808468092857,-1.1944685601673288,-1.2940538277525544
GIGHWT,0.3474564653286698,0.8705036226493377,0.4066831860932421,-0.14335414068132388,0.9725067526491926,0.4066831860932421,-0.40668318609324244,-0.3325034461136214,0.16729641400713421,-0.7979738140435522,0.2750089872239346,0.48465372336763224,-1.2940538277525544
KNEKK,-1.9775422585497997,-1.5001635731979879,-2.120658198109976,-0.9922090051559561,-0.9535834027422666,-2.120658198109976,2.1206581981099766,2.0115311926266806,2.546180479345873,0.5285189618063783,-1.236276356253867,-0.18699519004635207,-0.029875691483781275
HWTQL,-0.12102968803015958,-0.5518966948590576,-0.604253367588045,0.0264168322136027,1.3577247837274848,-0.604253367588045,0.6042533675880456,-0.20913320196939492,0.35028749595626807,-0.7979738140435522,0.5772660559194951,-1.1944685601673288,-0.029875691483781275
IKNKTIE,-0.13970687686838526,-0.8228300886701806,-1.0375118905943113,0.46297076251484204,-0.9535834027422666,-1.0375118905943113,1.037511890594311,0.6368341864481576,0.8208359923968975,0.14952102584925522,0.05911108101282006,-0.4748447243666312,-0.39106944470343086
AAPPN,0.06200676258445293,0.39637018347987263,0.9121514629338862,1.0450426695831616,-0.9535834027422666,0.9121514629338862,-0.912151462933886,-0.9493546668347536,-0.7476589957385343,-0.7979738140435522,-1.236276356253867,1.8279515501956016,1.234302444784992
TEYGC,0.022784666024178803,1.344637061818803,0.15394904767292075,-0.9922090051559561,0.20207069049260912,0.15394904767292075,-0.15394904767292036,-0.20913320196939492,-0.7476589957385343,0.5285189618063783,-0.3295051501671859,-0.18699519004635207,-0.029875691483781275
DAPQK,-0.9316196836091571,-0.5518966948590576,-0.604253367588045,0.0264168322136027,-0.9535834027422666,-0.604253367588045,0.6042533675880456,0.5310882628959637,0.35028749595626807,0.5285189618063783,-1.236276356253867,-0.18699519004635207,-0.029875691483781275
EDKK,-1.9513941941762836,-1.5001635731979879,-2.120658198109976,-0.9922090051559561,-0.9535834027422666,-2.120658198109976,2.1206581981099766,2.7517526574920392,1.9972072334984716,2.5182581255812737,-1.236276356253867,-1.1944685601673288,0.2861688425834119
CPKEK,-0.8923975870488833,-0.5518966948590576,-0.604253367588045,-0.9922090051559561,-0.9535834027422666,-0.604253367588045,0.6042533675880456,1.2713097277613226,1.4482339876510706,0.5285189618063783,-1.236276356253867,-0.18699519004635207,-0.029875691483781275
CGDGF,0.5980420822415321,1.344637061818803,0.9121514629338862,-0.9922090051559561,0.20207069049260912,0.9121514629338862,-0.912151462933886,-0.20913320196939492,-0.7476589957385343,0.5285189618063783,-0.3295051501671859,0.8204781800746246,-1.2940538277525544
ACGVKF,1.2299536379348368,0.8705036226493377,1.0385185321440467,0.7055007237933084,0.00946167495346306,1.0385185321440467,-1.0385185321440473,-0.3325034461136214,0.16729641400713421,-0.7979738140435522,0.2750089872239346,-0.3549074183998483,-0.24057204752857692
SWWSLL,0.9248928869104829,0.08028122403356239,0.4066831860932421,0.7055007237933084,0.9725067526491926,0.4066831860932421,-0.40668318609324244,-0.9493546668347536,-0.7476589957385343,-0.7979738140435522,1.786294330701736,0.48465372336763224,0.8129097326954006
GEETK,-1.1015821020370118,0.39637018347987263,-1.3624557828490105,-0.9922090051559561,-0.9535834027422666,-1.3624557828490105,1.3624557828490111,1.2713097277613226,0.35028749595626807,1.855011737656309,-1.236276356253867,-0.18699519004635207,1.234302444784992
KDKK,-2.016764355110074,-1.5001635731979879,-2.120658198109976,-0.9922090051559561,-0.9535834027422666,-2.120658198109976,2.1206581981099766,2.7517526574920392,3.3696403481169748,0.8601421557688608,-1.236276356253867,-1.1944685601673288,-1.2940538277525544
PYGNYGE,-0.6533295699195938,-0.14549660414237336,0.587207570679186,-0.9922090051559561,0.6973510161646985,0.587207570679186,-0.5872075706791866,-0.4206250490737832,-0.7476589957385343,0.14952102584925522,0.05911108101282006,1.6840267830354614,-0.39106944470343086
KCTLSHS,0.17780533338145266,1.209170364913241,-1.0375118905943113,-0.26461912132055704,-0.12811619328878404,-1.0375118905943113,1.037511890594311,0.10810456868718722,0.8208359923968975,-0.7979738140435522,-0.5885826376205234,0.24477911143406636,-0.39106944470343086
KDAK,-1.0852395618035642,-0.3148299752743251,-1.1729051790337692,0.2810732915559923,-0.9535834027422666,-1.1729051790337692,1.1729051790337695,1.8264758264103411,1.9972072334984716,0.8601421557688608,-1.236276356253867,-1.1944685601673288,0.2861688425834119
EEEKK,-1.9252461298027677,-1.5001635731979879,-2.120658198109976,-0.9922090051559561,-0.9535834027422666,-2.120658198109976,2.1206581981099766,2.7517526574920392,1.4482339876510706,3.1815045135062388,-1.236276356253867,-1.1944685601673288,2.4984805810537645
KEEKKT,-1.6463334431519296,-0.7099411745822127,-2.120658198109976,-0.9922090051559561,-0.9535834027422666,-2.120658198109976,2.120658198109976,2.1349014367709067,1.9972072334984716,1.412847479039665,-1.236276356253867,-1.1944685601673288,0.8129097326954006
ACGVKN,0.5435669481300404,0.8705036226493377,0.4066831860932421,0.7055007237933084,-0.9535834027422666,0.4066831860932421,-0.40668318609324244,-0.3325034461136214,0.16729641400713421,-0.7979738140435522,-0.4806336845149662,0.48465372336763224,-0.24057204752857692
FVTEYGT,0.5046561380504033,0.5318368803854339,0.0456344169213538,-0.26461912132055704,0.6973510161646985,0.0456344169213538,-0.045634416921354025,-0.4206250490737832,-0.7476589957385343,0.14952102584925522,0.7068047996461635,-0.4748447243666312,-0.39106944470343086
GHWT,-0.3825103317653201,0.8705036226493377,-0.22515215995756233,-0.9922090051559561,1.9355518303449224,-0.22515215995756233,0.22515215995756238,-0.02407783575305532,0.6247741188799686,-0.7979738140435522,-0.10281234864551575,0.06487315248389203,-1.2940538277525544
KDKM,-1.0688970215701168,-1.5001635731979879,-1.1729051790337692,-0.9922090051559561,-0.9535834027422666,-1.1729051790337692,1.1729051790337695,1.8264758264103411,1.9972072334984716,0.8601421557688608,-1.236276356253867,-1.1944685601673288,0.2861688425834119
PGQDC,-0.3825103317653201,0.39637018347987263,0.15394904767292075,-0.9922090051559561,-0.9535834027422666,0.15394904767292075,-0.15394904767292036,-0.20913320196939492,-0.7476589957385343,0.5285189618063783,-1.236276356253867,0.8204781800746246,-1.2940538277525544
PPYGRLS,-0.13036828244927243,-0.14549660414237336,0.587207570679186,-0.26461912132055704,-0.12811619328878404,0.587207570679186,-0.5872075706791866,-0.4206250490737832,0.036588498329181554,-0.7979738140435522,0.05911108101282006,1.6840267830354614,-0.39106944470343086
AGEPC,0.31041337413285547,1.344637061818803,0.9121514629338862,0.0264168322136027,-0.9535834027422666,0.9121514629338862,-0.912151462933886,-0.20913320196939492,-0.7476589957385343,0.5285189618063783,-1.236276356253867,0.8204781800746246,1.234302444784992
CGCCA,1.6308906249954165,3.241170818496663,1.6703538781948515,0.0264168322136027,-0.9535834027422666,1.6703538781948515,-1.670353878194852,-0.9493546668347536,-0.7476589957385343,-0.7979738140435522,-1.236276356253867,-0.18699519004635207,-0.029875691483781275
AWADT,0.27119127757258144,1.344637061818803,0.15394904767292075,1.0450426695831616,0.20207069049260912,0.15394904767292075,-0.15394904767292036,-0.20913320196939492,-0.7476589957385343,0.5285189618063783,-0.3295051501671859,-1.1944685601673288,1.234302444784992
GMSLFWS,0.9902630478442731,0.5318368803854339,0.587207570679186,-0.26461912132055704,0.6973510161646985,0.587207570679186,-0.5872075706791866,-0.9493546668347536,-0.7476589957385343,-0.7979738140435522,0.7068047996461635,0.9644029472347639,0.5119149383456927
RWWDE,-1.2715445204648663,-1.5001635731979879,-0.604253367588045,-0.9922090051559561,1.3577247837274848,-0.604253367588045,0.6042533675880456,1.2713097277613226,0.35028749595626807,1.855011737656309,0.5772660559194951,-1.1944685601673288,-0.029875691483781275
EKSAQGW,-0.5786208145666908,0.5318368803854339,-0.4959387368364787,-0.26461912132055704,-0.12811619328878404,-0.4959387368364787,0.4959387368364786,0.10810456868718722,0.036588498329181554,0.14952102584925522,-0.5885826376205234,0.24477911143406636,0.5119149383456927
HWSQQ,-1.0885080698502536,-0.5518966948590576,-1.3624557828490105,-0.9922090051559561,1.3577247837274848,-1.3624557828490105,1.3624557828490111,-0.20913320196939492,0.35028749595626807,-0.7979738140435522,-0.3295051501671859,-0.18699519004635207,-1.2940538277525544
VSGTNLM,0.8875385092340314,0.5318368803854339,0.0456344169213538,0.46297076251484204,-0.9535834027422666,0.0456344169213538,-0.045634416921354025,-0.9493546668347536,-0.7476589957385343,-0.7979738140435522,0.05911108101282006,0.9644029472347639,0.5119149383456927
YFRLP,0.36270950287988757,-1.5001635731979879,0.9121514629338862,0.0264168322136027,1.3577247837274848,0.9121514629338862,-0.912151462933886,-0.20913320196939492,0.35028749595626807,-0.7979738140435522,1.4840372620061764,-0.18699519004635207,-0.029875691483781275
EKQAQAW,-0.6253137866622548,-0.14549660414237336,-0.4959387368364787,0.46297076251484204,-0.12811619328878404,-0.4959387368364787,0.4959387368364786,0.10810456868718722,0.036588498329181554,0.14952102584925522,-0.5885826376205234,-1.1944685601673288,1.4148993213948162
YTLHWYP,-0.01830514941991792,-0.8228300886701806,0.587207570679186,-0.26461912132055704,2.3482854350716638,0.587207570679186,-0.5872075706791866,-0.4206250490737832,0.036588498329181554,-0.7979738140435522,1.354498518279507,-0.4748447243666312,-0.39106944470343086
YVVCQYK,0.5513491101459679,-0.8228300886701806,0.587207570679186,0.46297076251484204,0.6973510161646985,0.587207570679186,-0.5872075706791866,-0.4206250490737832,0.036588498329181554,-0.7979738140435522,1.354498518279507,-1.1944685601673288,-1.2940538277525544
WWSE,-0.5295931938663478,-0.3148299752743251,-0.22515215995756233,-0.9922090051559561,1.9355518303449224,-0.22515215995756233,0.22515215995756238,-0.02407783575305532,-0.7476589957385343,0.8601421557688608,1.0306516589628354,0.06487315248389203,0.2861688425834119
GWWSE,-0.3825103317653201,0.39637018347987263,0.15394904767292075,-0.9922090051559561,1.3577247837274848,0.15394904767292075,-0.15394904767292036,-0.20913320196939492,-0.7476589957385343,0.5285189618063783,0.5772660559194951,0.8204781800746246,-0.029875691483781275
YETWNEP,-0.9334874024929799,-0.8228300886701806,-0.4959387368364787,-0.9922090051559561,0.6973510161646985,-0.4959387368364787,0.4959387368364786,0.10810456868718722,-0.7476589957385343,1.0970158657420626,0.05911108101282006,0.24477911143406636,0.5119149383456927
KPKEK,-1.7291356470013972,-1.5001635731979879,-1.3624557828490105,-0.9922090051559561,-0.9535834027422666,-1.3624557828490105,1.3624557828490111,2.0115311926266806,2.546180479345873,0.5285189618063783,-1.236276356253867,-0.18699519004635207,-0.029875691483781275
AWAKT,0.2188951488255493,1.344637061818803,0.15394904767292075,1.0450426695831616,0.20207069049260912,0.15394904767292075,-0.15394904767292036,-0.20913320196939492,0.35028749595626807,-0.7979738140435522,-0.3295051501671859,-1.1944685601673288,1.234302444784992
YRAGEP,-0.5677257877443921,0.08028122403356239,0.4066831860932421,-0.14335414068132388,0.00946167495346306,0.4066831860932421,-0.40668318609324244,0.2843477746075107,0.16729641400713421,0.3074368324980564,-0.4806336845149662,0.48465372336763224,0.8129097326954006
RWWDEL,-0.5677257877443921,-1.5001635731979879,-0.22515215995756233,-0.14335414068132388,0.9725067526491926,-0.22515215995756233,0.22515215995756238,0.9011989953286429,0.16729641400713421,1.412847479039665,1.0306516589628354,-1.1944685601673288,0.8129097326954006
DNDSAA,-0.3716153049430218,0.8705036226493377,-0.856987506008367,0.7055007237933084,-0.9535834027422666,-0.856987506008367,0.8569875060083669,0.2843477746075107,-0.7476589957385343,1.412847479039665,-1.236276356253867,0.48465372336763224,0.8129097326954006
DQPQK,-1.624543389507333,-1.5001635731979879,-1.3624557828490105,-0.9922090051559561,-0.9535834027422666,-1.3624557828490105,1.3624557828490111,0.5310882628959637,0.35028749595626807,0.5285189618063783,-1.236276356253867,-0.18699519004635207,-1.2940538277525544
AWWGE,-0.04258549490961133,0.39637018347987263,0.9121514629338862,0.0264168322136027,1.3577247837274848,0.9121514629338862,-0.912151462933886,-0.20913320196939492,-0.7476589957385343,0.5285189618063783,0.5772660559194951,-0.18699519004635207,1.234302444784992
ADAAIAN,0.9062156980722572,1.209170364913241,0.587207570679186,2.6457404140210388,-0.9535834027422666,0.587207570679186,-0.5872075706791866,-0.4206250490737832,-0.7476589957385343,0.14952102584925522,-0.5885826376205234,-0.4748447243666312,2.3178837044439398
PYPGQ,-0.6309169433137227,-0.5518966948590576,0.9121514629338862,-0.9922090051559561,0.20207069049260912,0.9121514629338862,-0.912151462933886,-0.9493546668347536,-0.7476589957385343,-0.7979738140435522,-0.3295051501671859,1.8279515501956016,-1.2940538277525544
CGICG,1.6047425606219001,2.292903940157733,1.6703538781948515,0.0264168322136027,-0.9535834027422666,1.6703538781948515,-1.670353878194852,-0.9493546668347536,-0.7476589957385343,-0.7979738140435522,-0.3295051501671859,0.8204781800746246,-1.2940538277525544
NKDKAC,-0.6766760559673758,0.08028122403356239,-0.856987506008367,-0.14335414068132388,-0.9535834027422666,-0.856987506008367,0.8569875060083669,0.9011989953286429,1.0822518237528027,0.3074368324980564,-1.236276356253867,-0.3549074183998483,-0.24057204752857692
GQDCV,0.37578353506664564,0.39637018347987263,0.15394904767292075,0.0264168322136027,-0.9535834027422666,0.15394904767292075,-0.15394904767292036,-0.20913320196939492,-0.7476589957385343,0.5285189618063783,-0.3295051501671859,-0.18699519004635207,-1.2940538277525544
MWWAEL,0.7069923504645158,-0.7099411745822127,1.0385185321440467,0.7055007237933084,0.9725067526491926,1.0385185321440467,-1.0385185321440473,-0.3325034461136214,-0.7476589957385343,0.3074368324980564,1.0306516589628354,-1.1944685601673288,2.9198732931433553
TLQVAGQ,0.6260578654988708,0.5318368803854339,0.0456344169213538,1.1905606463502412,-0.9535834027422666,0.0456344169213538,-0.045634416921354025,-0.9493546668347536,-0.7476589957385343,-0.7979738140435522,0.05911108101282006,-0.4748447243666312,0.5119149383456927
KEERK,-2.055986451670348,-1.5001635731979879,-2.120658198109976,-0.9922090051559561,-0.9535834027422666,-2.120658198109976,2.1206581981099766,2.7517526574920392,2.5461804793458733,1.855011737656309,-1.236276356253867,-1.1944685601673288,1.234302444784992
VPCQY,0.5065238569342259,-0.5518966948590576,0.9121514629338862,0.0264168322136027,0.20207069049260912,0.9121514629338862,-0.912151462933886,-0.9493546668347536,-0.7476589957385343,-0.7979738140435522,0.5772660559194951,-0.18699519004635207,-1.2940538277525544
YTLHLYA,0.7381209985282252,-0.14549660414237336,0.587207570679186,1.1905606463502412,1.522818225618181,0.587207570679186,-0.5872075706791866,-0.4206250490737832,0.036588498329181554,-0.7979738140435522,1.354498518279507,-1.1944685601673288,1.4148993213948162
KGWW,-0.5295931938663481,-0.3148299752743251,0.7226008591186446,-0.9922090051559561,1.9355518303449224,0.7226008591186446,-0.7226008591186447,-0.02407783575305532,0.6247741188799686,-0.7979738140435522,1.0306516589628354,0.06487315248389203,-1.2940538277525544
CCCGG,1.34326191688674,3.241170818496663,1.6703538781948515,-0.9922090051559561,-0.9535834027422666,1.6703538781948515,-1.670353878194852,-0.9493546668347536,-0.7476589957385343,-0.7979738140435522,-1.236276356253867,0.8204781800746246,-1.2940538277525544
VKGTNLV,0.8128297538811284,-0.14549660414237336,0.0456344169213538,1.1905606463502412,-0.9535834027422666,0.0456344169213538,-0.045634416921354025,-0.4206250490737832,0.036588498329181554,-0.7979738140435522,0.7068047996461635,0.24477911143406636,-0.39106944470343086
YEIFNEP,-0.10235249919193368,-1.5001635731979879,0.0456344169213538,-0.26461912132055704,0.6973510161646985,0.0456344169213538,-0.045634416921354025,0.10810456868718722,-0.7476589957385343,1.0970158657420626,0.7068047996461635,0.24477911143406636,0.5119149383456927
KEEQK,-1.9252461298027677,-1.5001635731979879,-2.120658198109976,-0.9922090051559561,-0.9535834027422666,-2.120658198109976,2.1206581981099766,2.0115311926266806,1.4482339876510706,1.855011737656309,-1.236276356253867,-1.1944685601673288,1.234302444784992
AAPPF,0.8856707903502088,0.39637018347987263,1.6703538781948515,1.0450426695831616,0.20207069049260912,1.6703538781948515,-1.670353878194852,-0.9493546668347536,-0.7476589957385343,-0.7979738140435522,-0.3295051501671859,0.8204781800746246,1.234302444784992
WNTNQV,-0.3934053585876186,-0.7099411745822127,-0.856987506008367,-0.14335414068132388,0.00946167495346306,-0.856987506008367,0.8569875060083669,-0.9493546668347536,-0.7476589957385343,-0.7979738140435522,0.2750089872239346,0.48465372336763224,-1.2940538277525544
YVVCWYY,1.0369560199398375,-0.8228300886701806,1.6703538781948515,0.46297076251484204,2.3482854350716638,1.6703538781948515,-1.670353878194852,-0.9493546668347536,-0.7476589957385343,-0.7979738140435522,2.6498859555461935,-1.1944685601673288,-1.2940538277525544
KEHKK,-1.9383201619895258,-1.5001635731979879,-2.120658198109976,-0.9922090051559561,0.20207069049260912,-2.120658198109976,2.1206581981099766,2.7517526574920392,3.6441269710406754,0.5285189618063783,-1.236276356253867,-1.1944685601673288,-0.029875691483781275
MWWAE,0.25811724538582337,-0.5518966948590576,0.9121514629338862,0.0264168322136027,1.3577247837274848,0.9121514629338862,-0.912151462933886,-0.20913320196939492,-0.7476589957385343,0.5285189618063783,0.5772660559194951,-1.1944685601673288,2.4984805810537654
ASPPN,-0.2779180742712559,0.39637018347987263,0.15394904767292075,0.0264168322136027,-0.9535834027422666,0.15394904767292075,-0.15394904767292036,-0.9493546668347536,-0.7476589957385343,-0.7979738140435522,-1.236276356253867,2.835424920316578,-0.029875691483781275
KEETK,-1.559173228573543,-0.5518966948590576,-2.120658198109976,-0.9922090051559561,-0.9535834027422666,-2.120658198109976,2.1206581981099766,2.0115311926266806,1.4482339876510706,1.855011737656309,-1.236276356253867,-1.1944685601673288,1.234302444784992
CPKKC,-0.10795565584340154,0.39637018347987263,0.15394904767292075,-0.9922090051559561,-0.9535834027422666,0.15394904767292075,-0.15394904767292036,0.5310882628959637,1.4482339876510706,-0.7979738140435522,-1.236276356253867,-0.18699519004635207,-1.2940538277525544
YSRAP,-0.36943629957856206,0.39637018347987263,0.15394904767292075,0.0264168322136027,0.20207069049260912,0.15394904767292075,-0.15394904767292036,-0.20913320196939492,0.35028749595626807,-0.7979738140435522,-0.3295051501671859,0.8204781800746246,-0.029875691483781275
CGIGR,0.6895603075488382,1.344637061818803,0.9121514629338862,0.0264168322136027,-0.9535834027422666,0.9121514629338862,-0.912151462933886,-0.20913320196939492,0.35028749595626807,-0.7979738140435522,-0.3295051501671859,0.8204781800746246,-1.2940538277525544
GIGHW,0.41500563162691967,0.39637018347987263,0.9121514629338862,0.0264168322136027,1.3577247837274848,0.9121514629338862,-0.912151462933886,-0.20913320196939492,0.35028749595626807,-0.7979738140435522,0.5772660559194951,0.8204781800746246,-1.2940538277525544
IGHWT,0.3757835350666456,0.39637018347987263,0.15394904767292075,0.0264168322136027,1.3577247837274848,0.15394904767292075,-0.15394904767292036,-0.20913320196939492,0.35028749595626807,-0.7979738140435522,0.5772660559194951,-0.18699519004635207,-1.2940538277525544
FVTEY,0.6634122431753223,-0.5518966948590576,0.15394904767292075,0.0264168322136027,1.3577247837274848,0.15394904767292075,-0.15394904767292036,-0.20913320196939492,-0.7476589957385343,0.5285189618063783,1.4840372620061764,-1.1944685601673288,-0.029875691483781275
KDKSKK,-1.7008085772634212,-0.7099411745822127,-2.120658198109976,-0.9922090051559561,-0.9535834027422666,-2.120658198109976,2.120658198109976,2.1349014367709067,2.91216264324414,0.3074368324980564,-1.236276356253867,-0.3549074183998483,-1.2940538277525544
EEERG,-1.5460991963867847,-0.5518966948590576,-1.3624557828490105,-0.9922090051559561,-0.9535834027422666,-1.3624557828490105,1.3624557828490111,2.0115311926266806,0.35028749595626807,3.1815045135062388,-1.236276356253867,-0.18699519004635207,2.4984805810537645
VVCQL,1.931593365290851,-0.5518966948590576,0.9121514629338862,2.0636685069527205,-0.9535834027422666,0.9121514629338862,-0.912151462933886,-0.9493546668347536,-0.7476589957385343,-0.7979738140435522,1.4840372620061764,-1.1944685601673288,-0.029875691483781275
VVRAA,1.4478541743808042,0.39637018347987263,0.9121514629338862,3.082294344322279,-0.9535834027422666,0.9121514629338862,-0.912151462933886,-0.20913320196939492,0.35028749595626807,-0.7979738140435522,0.5772660559194951,-1.1944685601673288,1.234302444784992
QDCVA,0.6634122431753223,0.39637018347987263,0.15394904767292075,1.0450426695831616,-0.9535834027422666,0.15394904767292075,-0.15394904767292036,-0.20913320196939492,-0.7476589957385343,0.5285189618063783,-0.3295051501671859,-1.1944685601673288,-0.029875691483781275
GWWWG,0.009710633837420834,0.39637018347987263,1.6703538781948515,-0.9922090051559561,2.51337887696236,1.6703538781948515,-1.670353878194852,-0.9493546668347536,-0.7476589957385343,-0.7979738140435522,1.4840372620061757,0.8204781800746246,-1.2940538277525544
AWSIT,0.977189015657515,1.344637061818803,0.15394904767292075,1.0450426695831616,0.20207069049260912,0.15394904767292075,-0.15394904767292036,-0.9493546668347536,-0.7476589957385343,-0.7979738140435522,0.5772660559194951,-0.18699519004635207,-0.029875691483781275
YFRAE,-0.1471777524036756,-0.5518966948590576,0.15394904767292075,0.0264168322136027,1.3577247837274848,0.15394904767292075,-0.15394904767292036,0.5310882628959637,0.35028749595626807,0.5285189618063783,0.5772660559194951,-1.1944685601673288,1.234302444784992
FVPEYND,-0.13036828244927234,-1.5001635731979879,0.0456344169213538,-0.26461912132055704,0.6973510161646985,0.0456344169213538,-0.045634416921354025,0.10810456868718722,-0.7476589957385343,1.0970158657420626,0.7068047996461635,0.24477911143406636,-0.39106944470343086
SEKGC,-0.33021420301828797,1.344637061818803,-0.604253367588045,-0.9922090051559561,-0.9535834027422666,-0.604253367588045,0.6042533675880456,0.5310882628959637,0.35028749595626807,0.5285189618063783,-1.236276356253867,0.8204781800746246,-0.029875691483781275
PPYGQLS,-0.03698233825814361,-0.14549660414237336,0.587207570679186,-0.26461912132055704,-0.12811619328878404,0.587207570679186,-0.5872075706791866,-0.9493546668347536,-0.7476589957385343,-0.7979738140435522,0.05911108101282006,1.6840267830354614,-0.39106944470343086
WSQDVDV,0.11243517244766257,-0.8228300886701806,-0.4959387368364787,0.46297076251484204,-0.12811619328878404,-0.4959387368364787,0.4959387368364786,0.10810456868718722,-0.7476589957385343,1.0970158657420626,0.7068047996461635,-0.4748447243666312,-1.2940538277525544
LIISII,2.755257393056607,-0.7099411745822127,1.0385185321440467,3.252065317217205,-0.9535834027422666,1.0385185321440467,-1.0385185321440473,-0.9493546668347536,-0.7476589957385343,-0.7979738140435522,2.5419370024406365,-0.3549074183998483,-0.24057204752857692
KKETK,-1.6114693573205752,-0.5518966948590576,-2.120658198109976,-0.9922090051559561,-0.9535834027422666,-2.120658198109976,2.1206581981099766,2.0115311926266806,2.546180479345873,0.5285189618063783,-1.236276356253867,-1.1944685601673288,-0.029875691483781275
CVAFD,1.487076270941078,0.39637018347987263,0.9121514629338862,1.0450426695831616,0.20207069049260912,0.9121514629338862,-0.912151462933886,-0.20913320196939492,-0.7476589957385343,0.5285189618063783,0.5772660559194951,-1.1944685601673288,-0.029875691483781275
GALGP,0.8856707903502088,1.344637061818803,1.6703538781948515,1.0450426695831616,-0.9535834027422666,1.6703538781948515,-1.670353878194852,-0.9493546668347536,-0.7476589957385343,-0.7979738140435522,-0.3295051501671859,1.8279515501956016,1.234302444784992
HWTQMAW,-0.04632093267725653,-0.14549660414237336,0.0456344169213538,-0.26461912132055704,1.522818225618181,0.0456344169213538,-0.045634416921354025,-0.4206250490737832,0.036588498329181554,-0.7979738140435522,0.05911108101282006,-1.1944685601673288,0.5119149383456927
DEEKK,-1.9252461298027677,-1.5001635731979879,-2.120658198109976,-0.9922090051559561,-0.9535834027422666,-2.120658198109976,2.1206581981099766,2.7517526574920392,1.4482339876510706,3.1815045135062396,-1.236276356253867,-1.1944685601673288,1.234302444784992
LGPYP,0.3234874063196135,-0.5518966948590576,1.6703538781948515,0.0264168322136027,0.20207069049260912,1.6703538781948515,-1.670353878194852,-0.9493546668347536,-0.7476589957385343,-0.7979738140435522,0.5772660559194951,1.8279515501956016,-0.029875691483781275
PTHPIR,-0.3062451440092316,-0.7099411745822127,-0.22515215995756233,-0.14335414068132388,0.00946167495346306,-0.22515215995756233,0.22515215995756238,0.2843477746075107,1.0822518237528027,-0.7979738140435522,-0.4806336845149662,0.48465372336763224,-1.2940538277525544
GWWSEL,0.17313603617189618,0.08028122403356239,0.4066831860932421,-0.14335414068132388,0.9725067526491926,0.4066831860932421,-0.40668318609324244,-0.3325034461136214,-0.7476589957385343,0.3074368324980564,1.0306516589628354,0.48465372336763224,0.8129097326954006
GPYPG,-0.22562194552422377,0.39637018347987263,1.6703538781948515,-0.9922090051559561,0.20207069049260912,1.6703538781948515,-1.670353878194852,-0.9493546668347536,-0.7476589957385343,-0.7979738140435522,-0.3295051501671859,2.835424920316578,-1.2940538277525544
QKQAQEN,-1.3630627457721727,-0.8228300886701806,-1.5790850443521436,-0.26461912132055704,-0.9535834027422666,-1.5790850443521436,1.5790850443521438,0.10810456868718722,0.036588498329181554,0.14952102584925522,-1.236276356253867,-0.4748447243666312,0.5119149383456927
WWSEL,0.16659902007851718,-0.5518966948590576,0.15394904767292075,0.0264168322136027,1.3577247837274848,0.15394904767292075,-0.15394904767292036,-0.20913320196939492,-0.7476589957385343,0.5285189618063783,1.4840372620061764,-0.18699519004635207,1.234302444784992
YTLHFYT,0.41127019385927455,-0.14549660414237336,0.0456344169213538,-0.26461912132055704,2.3482854350716638,0.0456344169213538,-0.045634416921354025,-0.4206250490737832,0.036588498329181554,-0.7979738140435522,1.354498518279507,-1.1944685601673288,-0.39106944470343086
YFGMLD,0.8268376455097975,-0.7099411745822127,1.0385185321440467,-0.14335414068132388,0.9725067526491926,1.0385185321440467,-1.0385185321440473,-0.3325034461136214,-0.7476589957385343,0.3074368324980564,1.0306516589628354,-0.3549074183998483,0.8129097326954006
WNSNVV,0.4346166799070569,-0.7099411745822127,-0.22515215995756233,0.7055007237933084,0.00946167495346306,-0.22515215995756233,0.22515215995756238,-0.9493546668347536,-0.7476589957385343,-0.7979738140435522,1.0306516589628354,1.3242148651351129,-1.2940538277525544
TNLVG,0.9118188547237248,0.39637018347987263,0.15394904767292075,1.0450426695831616,-0.9535834027422666,0.15394904767292075,-0.15394904767292036,-0.9493546668347536,-0.7476589957385343,-0.7979738140435522,0.5772660559194951,0.8204781800746246,-0.029875691483781275
PTHP,-0.6930185962008233,-0.3148299752743251,-0.22515215995756233,-0.9922090051559561,0.49098421380132795,-0.22515215995756233,0.22515215995756238,-0.02407783575305532,0.6247741188799686,-0.7979738140435522,-1.236276356253867,1.3242148651351129,-1.2940538277525544
SIISI,2.0231115905981576,0.39637018347987263,0.15394904767292034,2.06366850695272,-0.9535834027422666,0.15394904767292034,-0.15394904767292036,-0.9493546668347536,-0.7476589957385343,-0.7979738140435522,1.4840372620061757,0.8204781800746246,-1.2940538277525544
GDKK,-1.4447754469394098,-0.3148299752743251,-1.1729051790337692,-0.9922090051559561,-0.9535834027422666,-1.1729051790337692,1.1729051790337695,1.8264758264103411,1.9972072334984716,0.8601421557688608,-1.236276356253867,0.06487315248389203,-1.2940538277525544
AWWDT,-0.08180759146988546,0.39637018347987263,0.15394904767292075,0.0264168322136027,1.3577247837274848,0.15394904767292075,-0.15394904767292036,-0.20913320196939492,-0.7476589957385343,0.5285189618063783,0.5772660559194951,-1.1944685601673288,-0.029875691483781275
FITEYGT,0.532671921307742,0.5318368803854339,0.0456344169213538,-0.26461912132055704,0.6973510161646985,0.0456344169213538,-0.045634416921354025,-0.4206250490737832,-0.7476589957385343,0.14952102584925522,0.7068047996461635,-0.4748447243666312,-0.39106944470343086
YWTQLAW,0.3085456552490329,-0.14549660414237336,0.587207570679186,0.46297076251484204,1.522818225618181,0.587207570679186,-0.5872075706791866,-0.9493546668347536,-0.7476589957385343,-0.7979738140435522,1.354498518279507,-1.1944685601673288,0.5119149383456927
TETGNEP,-0.8307628638827383,0.5318368803854339,-1.0375118905943113,-0.9922090051559561,-0.9535834027422666,-1.0375118905943113,1.037511890594311,0.10810456868718722,-0.7476589957385343,1.0970158657420626,-1.236276356253867,0.9644029472347639,0.5119149383456927
YETFNEP,-0.5879594089858033,-0.8228300886701806,-0.4959387368364787,-0.9922090051559561,0.6973510161646985,-0.4959387368364787,0.4959387368364786,0.10810456868718722,-0.7476589957385343,1.0970158657420626,0.05911108101282006,0.24477911143406636,0.5119149383456927
GEEKK,-1.5199511320132686,-0.5518966948590576,-1.3624557828490105,-0.9922090051559561,-0.9535834027422666,-1.3624557828490105,1.3624557828490111,2.0115311926266806,1.4482339876510706,1.855011737656309,-1.236276356253867,-0.18699519004635207,1.234302444784992
WNANVV,0.7178873772868141,-0.7099411745822127,0.4066831860932421,1.5543555882679407,0.00946167495346306,0.4066831860932421,-0.40668318609324244,-0.9493546668347536,-0.7476589957385343,-0.7979738140435522,1.0306516589628354,0.48465372336763224,-0.24057204752857692
KEGKK,-1.5722472607603006,-0.5518966948590576,-1.3624557828490105,-0.9922090051559561,-0.9535834027422666,-1.3624557828490105,1.3624557828490111,2.0115311926266806,2.546180479345873,0.5285189618063783,-1.236276356253867,-0.18699519004635207,-0.029875691483781275
RGALGPY,0.22449830547701696,0.5318368803854339,1.1287807244370183,0.46297076251484204,-0.12811619328878404,1.1287807244370183,-1.1287807244370192,-0.4206250490737832,0.036588498329181554,-0.7979738140435522,0.05911108101282006,0.9644029472347639,0.5119149383456927
YSLHYYA,0.2525140887343556,-0.14549660414237336,0.587207570679186,0.46297076251484204,2.3482854350716638,0.587207570679186,-0.5872075706791866,-0.4206250490737832,0.036588498329181554,-0.7979738140435522,1.354498518279507,-0.4748447243666312,0.5119149383456927
KCTYSHS,-0.29846298199330407,1.209170364913241,-1.0375118905943113,-0.9922090051559561,0.6973510161646985,-1.0375118905943113,1.037511890594311,0.10810456868718722,0.8208359923968975,-0.7979738140435522,-0.5885826376205234,0.24477911143406636,-1.2940538277525544
KCGVKF,0.6089371090638305,0.08028122403356239,0.4066831860932421,-0.14335414068132388,0.00946167495346306,0.4066831860932421,-0.40668318609324244,0.2843477746075107,1.0822518237528027,-0.7979738140435522,0.2750089872239346,-0.3549074183998483,-1.2940538277525544
GQDCVAF,0.8315069427193541,0.5318368803854339,0.587207570679186,0.46297076251484204,-0.12811619328878404,0.587207570679186,-0.5872075706791866,-0.4206250490737832,-0.7476589957385343,0.14952102584925522,0.05911108101282006,-0.4748447243666312,-0.39106944470343086
PPYGKLS,-0.07433671593459514,-0.14549660414237336,0.587207570679186,-0.26461912132055704,-0.12811619328878404,0.587207570679186,-0.5872075706791866,-0.4206250490737832,0.036588498329181554,-0.7979738140435522,0.05911108101282006,1.6840267830354614,-0.39106944470343086
LIYRG,0.7418564362958706,-0.5518966948590576,0.9121514629338862,1.0450426695831616,0.20207069049260912,0.9121514629338862,-0.912151462933886,-0.20913320196939492,0.35028749595626807,-0.7979738140435522,1.4840372620061764,-0.18699519004635207,-0.029875691483781275
RGALGQL,0.5233333268886291,0.5318368803854339,0.587207570679186,1.1905606463502412,-0.9535834027422666,0.587207570679186,-0.5872075706791866,-0.4206250490737832,0.036588498329181554,-0.7979738140435522,0.05911108101282006,0.24477911143406636,1.4148993213948162
LFISI,2.4022585240141403,-0.5518966948590576,0.9121514629338862,2.0636685069527205,0.20207069049260912,0.9121514629338862,-0.912151462933886,-0.9493546668347536,-0.7476589957385343,-0.7979738140435522,2.390808468092857,-0.18699519004635207,-0.029875691483781275
SEYGT,-0.4086583961388362,1.344637061818803,-0.604253367588045,-0.9922090051559561,0.20207069049260912,-0.604253367588045,0.6042533675880456,-0.20913320196939492,-0.7476589957385343,0.5285189618063783,-0.3295051501671859,0.8204781800746246,-0.029875691483781275
HWSQM,-0.3825103317653201,-0.5518966948590576,-0.604253367588045,-0.9922090051559561,1.3577247837274848,-0.604253367588045,0.6042533675880456,-0.20913320196939492,0.35028749595626807,-0.7979738140435522,-0.3295051501671859,-0.18699519004635207,-0.029875691483781275
HWTQLAW,0.1311123612858881,-0.14549660414237336,0.0456344169213538,0.46297076251484204,1.522818225618181,0.0456344169213538,-0.045634416921354025,-0.4206250490737832,0.036588498329181554,-0.7979738140435522,0.7068047996461635,-1.1944685601673288,0.5119149383456927
ASASSH,0.24940122392798464,2.4509484198808877,-0.856987506008367,0.7055007237933084,0.00946167495346306,-0.856987506008367,0.8569875060083669,-0.3325034461136214,0.16729641400713421,-0.7979738140435522,-1.236276356253867,1.3242148651351129,0.8129097326954006
TLQVEGQ,0.13111236128588818,-0.14549660414237336,-0.4959387368364787,0.46297076251484204,-0.9535834027422666,-0.4959387368364787,0.4959387368364786,-0.4206250490737832,-0.7476589957385343,0.14952102584925522,0.05911108101282006,-0.4748447243666312,0.5119149383456927
YTLHYYA,0.2618526831534685,-0.14549660414237336,0.587207570679186,0.46297076251484204,2.3482854350716638,0.587207570679186,-0.5872075706791866,-0.4206250490737832,0.036588498329181554,-0.7979738140435522,1.354498518279507,-1.1944685601673288,0.5119149383456927
INNG,-0.006631906396026717,-0.3148299752743251,-0.22515215995756233,0.2810732915559923,-0.9535834027422666,-0.22515215995756233,0.22515215995756238,-0.9493546668347536,-0.7476589957385343,-0.7979738140435522,-0.10281234864551575,2.583556577786333,-1.2940538277525544
CQNGG,-0.22562194552422377,1.344637061818803,0.15394904767292075,-0.9922090051559561,-0.9535834027422666,0.15394904767292075,-0.15394904767292036,-0.9493546668347536,-0.7476589957385343,-0.7979738140435522,-1.236276356253867,1.8279515501956016,-1.2940538277525544
VKNKTGE,-0.6253137866622548,-0.14549660414237336,-1.0375118905943113,-0.26461912132055704,-0.9535834027422666,-1.0375118905943113,1.037511890594311,0.6368341864481576,0.8208359923968975,0.14952102584925522,-0.5885826376205234,0.24477911143406636,-0.39106944470343086
CPKYK,-0.6047688789402066,-0.5518966948590576,0.15394904767292075,-0.9922090051559561,0.20207069049260912,0.15394904767292075,-0.15394904767292036,0.5310882628959637,1.4482339876510706,-0.7979738140435522,-0.3295051501671859,-0.18699519004635207,-1.2940538277525544
CGCCG,1.34326191688674,3.241170818496663,1.6703538781948515,-0.9922090051559561,-0.9535834027422666,1.6703538781948515,-1.670353878194852,-0.9493546668347536,-0.7476589957385343,-0.7979738140435522,-1.236276356253867,0.8204781800746246,-1.2940538277525544
FDAPQ,-0.05565952709636937,-0.5518966948590576,0.15394904767292075,0.0264168322136027,0.20207069049260912,0.15394904767292075,-0.15394904767292036,-0.20913320196939492,-0.7476589957385343,0.5285189618063783,-0.3295051501671859,-0.18699519004635207,-0.029875691483781275
QQVVVQ,0.6960973236422174,-1.5001635731979879,-0.22515215995756233,1.5543555882679407,-0.9535834027422666,-0.22515215995756233,0.22515215995756238,-0.9493546668347536,-0.7476589957385343,-0.7979738140435522,1.0306516589628354,-1.1944685601673288,-1.2940538277525544
EKQAQEW,-1.1202592908752373,-0.8228300886701806,-1.0375118905943113,-0.26461912132055704,-0.12811619328878404,-1.0375118905943113,1.037511890594311,0.6368341864481576,0.036588498329181554,1.0970158657420626,-0.5885826376205234,-1.1944685601673288,1.4148993213948162
ADAEGTN,-0.2797857931550784,1.209170364913241,-0.4959387368364787,0.46297076251484204,-0.9535834027422666,-0.4959387368364787,0.4959387368364786,0.10810456868718722,-0.7476589957385343,1.0970158657420626,-1.236276356253867,0.24477911143406636,1.4148993213948162
VVCQY,1.2648177237661917,-0.5518966948590576,0.9121514629338862,1.0450426695831616,0.20207069049260912,0.9121514629338862,-0.912151462933886,-0.9493546668347536,-0.7476589957385343,-0.7979738140435522,1.4840372620061764,-1.1944685601673288,-1.2940538277525544
VKQAQEN,-0.6439909755004806,-0.8228300886701806,-1.0375118905943113,0.46297076251484204,-0.9535834027422666,-1.0375118905943113,1.037511890594311,0.10810456868718722,0.036588498329181554,0.14952102584925522,-0.5885826376205234,-0.4748447243666312,0.5119149383456927
YFRAP,0.10122885914472705,-0.5518966948590576,0.9121514629338862,0.0264168322136027,1.3577247837274848,0.9121514629338862,-0.912151462933886,-0.20913320196939492,0.35028749595626807,-0.7979738140435522,0.5772660559194951,-0.18699519004635207,-0.029875691483781275
VAELDTL,1.0182788311016115,-0.14549660414237336,0.0456344169213538,1.9181505301856403,-0.9535834027422666,0.0456344169213538,-0.045634416921354025,0.10810456868718722,-0.7476589957385343,1.0970158657420626,0.7068047996461635,-1.1944685601673288,2.3178837044439398
VIELDTY,0.7941525650429025,-0.8228300886701806,0.0456344169213538,1.1905606463502412,-0.12811619328878404,0.0456344169213538,-0.045634416921354025,0.10810456868718722,-0.7476589957385343,1.0970158657420626,1.354498518279507,-1.1944685601673288,0.5119149383456927
KEEEK,-1.9252461298027677,-1.5001635731979879,-2.120658198109976,-0.9922090051559561,-0.9535834027422666,-2.120658198109976,2.1206581981099766,2.7517526574920392,1.4482339876510706,3.1815045135062388,-1.236276356253867,-1.1944685601673288,2.4984805810537645
DAPQN,-0.8793235548621252,-0.5518966948590576,-0.604253367588045,0.0264168322136027,-0.9535834027422666,-0.604253367588045,0.6042533675880456,-0.20913320196939492,-0.7476589957385343,0.5285189618063783,-1.236276356253867,0.8204781800746246,-0.029875691483781275
LIIGI,2.676813199936059,-0.5518966948590576,1.6703538781948515,3.082294344322279,-0.9535834027422666,1.6703538781948515,-1.670353878194852,-0.9493546668347536,-0.7476589957385343,-0.7979738140435522,2.390808468092857,-0.18699519004635207,-0.029875691483781275
FSPPY,0.14045095570500105,-0.5518966948590576,0.9121514629338862,-0.9922090051559561,1.3577247837274848,0.9121514629338862,-0.912151462933886,-0.9493546668347536,-0.7476589957385343,-0.7979738140435522,0.5772660559194951,1.8279515501956016,-1.2940538277525544
EEERK,-2.003690322923316,-1.5001635731979879,-2.120658198109976,-0.9922090051559561,-0.9535834027422666,-2.120658198109976,2.1206581981099766,2.7517526574920392,1.4482339876510706,3.1815045135062388,-1.236276356253867,-1.1944685601673288,2.4984805810537645
HWTQ,-0.8891290790021938,-0.3148299752743251,-1.1729051790337692,-0.9922090051559561,1.9355518303449224,-1.1729051790337692,1.1729051790337695,-0.02407783575305532,0.6247741188799686,-0.7979738140435522,-0.10281234864551575,-1.1944685601673288,-1.2940538277525544
VSGTNLC,0.9435700757487087,1.209170364913241,0.0456344169213538,0.46297076251484204,-0.9535834027422666,0.0456344169213538,-0.045634416921354025,-0.9493546668347536,-0.7476589957385343,-0.7979738140435522,0.05911108101282006,0.9644029472347639,-0.39106944470343086
FVTEYGC,0.8034911594620154,0.5318368803854339,0.587207570679186,-0.26461912132055704,0.6973510161646985,0.587207570679186,-0.5872075706791866,-0.4206250490737832,-0.7476589957385343,0.14952102584925522,0.7068047996461635,-0.4748447243666312,-0.39106944470343086
GEGKK,-1.1146561342237697,0.39637018347987263,-0.604253367588045,-0.9922090051559561,-0.9535834027422666,-0.604253367588045,0.6042533675880456,1.2713097277613226,1.4482339876510706,0.5285189618063783,-1.236276356253867,0.8204781800746246,-0.029875691483781275
CGDCG,0.5588199856812581,2.292903940157733,0.9121514629338862,-0.9922090051559561,-0.9535834027422666,0.9121514629338862,-0.912151462933886,-0.20913320196939492,-0.7476589957385343,0.5285189618063783,-1.236276356253867,0.8204781800746246,-1.2940538277525544
VVRVA,1.7616309468629971,-0.5518966948590576,0.9121514629338862,3.082294344322279,-0.9535834027422666,0.9121514629338862,-0.912151462933886,-0.20913320196939492,0.35028749595626807,-0.7979738140435522,1.4840372620061757,-1.1944685601673288,-0.029875691483781275
WNTNLV,0.40193159944016155,-0.7099411745822127,-0.22515215995756233,0.7055007237933084,0.00946167495346306,-0.22515215995756233,0.22515215995756238,-0.9493546668347536,-0.7476589957385343,-0.7979738140435522,1.0306516589628354,0.48465372336763224,-0.24057204752857692
CGEGE,-0.22562194552422377,1.344637061818803,0.15394904767292075,-0.9922090051559561,-0.9535834027422666,0.15394904767292075,-0.15394904767292036,0.5310882628959637,-0.7476589957385343,1.855011737656309,-1.236276356253867,0.8204781800746246,1.234302444784992
YTMHFYA,0.46730176037395177,-0.14549660414237336,0.587207570679186,-0.26461912132055704,2.3482854350716638,0.587207570679186,-0.5872075706791866,-0.4206250490737832,0.036588498329181554,-0.7979738140435522,0.7068047996461635,-1.1944685601673288,0.5119149383456927
GNSLFWH,0.26185268315346844,-0.14549660414237336,0.0456344169213538,-0.26461912132055704,1.522818225618181,0.0456344169213538,-0.045634416921354025,-0.4206250490737832,0.036588498329181554,-0.7979738140435522,0.7068047996461635,0.9644029472347639,-0.39106944470343086
FVTEYGD,0.24317549431524274,-0.14549660414237336,0.0456344169213538,-0.26461912132055704,0.6973510161646985,0.0456344169213538,-0.045634416921354025,0.10810456868718722,-0.7476589957385343,1.0970158657420626,0.7068047996461635,-0.4748447243666312,-0.39106944470343086
KNVIIL,1.5132243353145942,-1.5001635731979879,0.4066831860932421,2.403210452742573,-0.9535834027422666,0.4066831860932421,-0.40668318609324244,-0.3325034461136214,0.16729641400713421,-0.7979738140435522,1.786294330701736,-0.3549074183998483,-0.24057204752857692
YSLHFYA,0.6353964599179837,-0.14549660414237336,0.587207570679186,0.46297076251484204,2.3482854350716638,0.587207570679186,-0.5872075706791866,-0.4206250490737832,0.036588498329181554,-0.7979738140435522,1.354498518279507,-0.4748447243666312,0.5119149383456927
CGNCG,0.5588199856812581,2.292903940157733,0.9121514629338862,-0.9922090051559561,-0.9535834027422666,0.9121514629338862,-0.912151462933886,-0.9493546668347536,-0.7476589957385343,-0.7979738140435522,-1.236276356253867,1.8279515501956016,-1.2940538277525544
VSGKNLV,0.8034911594620155,-0.14549660414237336,0.0456344169213538,1.1905606463502412,-0.9535834027422666,0.0456344169213538,-0.045634416921354025,-0.4206250490737832,0.036588498329181554,-0.7979738140435522,0.7068047996461635,0.9644029472347639,-0.39106944470343086
YFKAE,-0.06873355928312741,-0.5518966948590576,0.15394904767292075,0.0264168322136027,1.3577247837274848,0.15394904767292075,-0.15394904767292036,0.5310882628959637,0.35028749595626807,0.5285189618063783,0.5772660559194951,-1.1944685601673288,1.234302444784992
AFDAP,0.6372641788018062,0.39637018347987263,0.9121514629338862,1.0450426695831616,0.20207069049260912,0.9121514629338862,-0.912151462933886,-0.20913320196939492,-0.7476589957385343,0.5285189618063783,-0.3295051501671859,-0.18699519004635207,1.234302444784992
FVTEYG,0.5871470554192337,0.08028122403356239,0.4066831860932421,-0.14335414068132388,0.9725067526491926,0.4066831860932421,-0.40668318609324244,-0.3325034461136214,-0.7476589957385343,0.3074368324980564,1.0306516589628354,-0.3549074183998483,-0.24057204752857692
YWWNE,-0.8531754904886092,-1.5001635731979879,0.15394904767292075,-0.9922090051559561,2.513378876962361,0.15394904767292075,-0.15394904767292036,-0.20913320196939492,-0.7476589957385343,0.5285189618063783,1.4840372620061764,-0.18699519004635207,-0.029875691483781275
PPGN,-0.6930185962008233,-0.3148299752743251,0.7226008591186446,-0.9922090051559561,-0.9535834027422666,0.7226008591186446,-0.7226008591186447,-0.9493546668347536,-0.7476589957385343,-0.7979738140435522,-1.236276356253867,3.8428982904375544,-1.2940538277525544
GHWTQ,-0.6701390398739966,0.39637018347987263,-0.604253367588045,-0.9922090051559561,1.3577247837274848,-0.604253367588045,0.6042533675880456,-0.20913320196939492,0.35028749595626807,-0.7979738140435522,-0.3295051501671859,-0.18699519004635207,-1.2940538277525544
NGQP,-1.0035268606363266,-0.3148299752743251,-0.22515215995756233,-0.9922090051559561,-0.9535834027422666,-0.22515215995756233,0.22515215995756238,-0.9493546668347536,-0.7476589957385343,-0.7979738140435522,-1.236276356253867,2.583556577786333,-1.2940538277525544
IYRGA,0.4803757925607099,0.39637018347987263,0.9121514629338862,1.0450426695831616,0.20207069049260912,0.9121514629338862,-0.912151462933886,-0.20913320196939492,0.35028749595626807,-0.7979738140435522,0.5772660559194951,-0.18699519004635207,-0.029875691483781275
EKGAQSW,-0.5786208145666906,0.5318368803854339,-0.4959387368364787,-0.26461912132055704,-0.12811619328878404,-0.4959387368364787,0.4959387368364786,0.10810456868718722,0.036588498329181554,0.14952102584925522,-0.5885826376205234,0.24477911143406636,0.5119149383456927
EKEKG,-1.5199511320132686,-0.5518966948590576,-1.3624557828490105,-0.9922090051559561,-0.9535834027422666,-1.3624557828490105,1.3624557828490111,2.0115311926266806,1.4482339876510706,1.855011737656309,-1.236276356253867,-0.18699519004635207,1.234302444784992
TEYG,-0.4969081133994529,0.8705036226493377,-0.22515215995756233,-0.9922090051559561,0.49098421380132795,-0.22515215995756233,0.22515215995756238,-0.02407783575305532,-0.7476589957385343,0.8601421557688608,-0.10281234864551575,0.06487315248389203,0.2861688425834119
TEYGT,-0.3955843639520782,1.344637061818803,-0.604253367588045,-0.9922090051559561,0.20207069049260912,-0.604253367588045,0.6042533675880456,-0.20913320196939492,-0.7476589957385343,0.5285189618063783,-0.3295051501671859,-0.18699519004635207,-0.029875691483781275
TEYGD,-0.7616572651813031,0.39637018347987263,-0.604253367588045,-0.9922090051559561,0.20207069049260912,-0.604253367588045,0.6042533675880456,0.5310882628959637,-0.7476589957385343,1.855011737656309,-0.3295051501671859,-0.18699519004635207,-0.029875691483781275
HETQL,-0.46095452488586836,-0.5518966948590576,-1.3624557828490105,0.0264168322136027,0.20207069049260912,-1.3624557828490105,1.3624557828490111,0.5310882628959637,0.35028749595626807,0.5285189618063783,-0.3295051501671859,-1.1944685601673288,1.234302444784992
AWWNT,-0.08180759146988546,0.39637018347987263,0.15394904767292075,0.0264168322136027,1.3577247837274848,0.15394904767292075,-0.15394904767292036,-0.9493546668347536,-0.7476589957385343,-0.7979738140435522,0.5772660559194951,-0.18699519004635207,-0.029875691483781275
CGGGA,0.8725967581634508,3.241170818496663,1.6703538781948515,0.0264168322136027,-0.9535834027422666,1.6703538781948515,-1.670353878194852,-0.9493546668347536,-0.7476589957385343,-0.7979738140435522,-1.236276356253867,1.827951550195601,-0.029875691483781275
CPKET,-0.47402855707262626,0.39637018347987263,-0.604253367588045,-0.9922090051559561,-0.9535834027422666,-0.604253367588045,0.6042533675880456,0.5310882628959637,0.35028749595626807,0.5285189618063783,-1.236276356253867,-0.18699519004635207,-0.029875691483781275
WSQDVDT,-0.34515595408886846,-0.14549660414237336,-1.0375118905943113,-0.26461912132055704,-0.12811619328878404,-1.0375118905943113,1.037511890594311,0.10810456868718722,-0.7476589957385343,1.0970158657420626,0.05911108101282006,-0.4748447243666312,-1.2940538277525544
YPGQD,-0.8793235548621252,-0.5518966948590576,0.15394904767292075,-0.9922090051559561,0.20207069049260912,0.15394904767292075,-0.15394904767292036,-0.20913320196939492,-0.7476589957385343,0.5285189618063783,-0.3295051501671859,0.8204781800746246,-1.2940538277525544
YGRAP,-0.3171401708315299,0.39637018347987263,0.9121514629338862,0.0264168322136027,0.20207069049260912,0.9121514629338862,-0.912151462933886,-0.20913320196939492,0.35028749595626807,-0.7979738140435522,-0.3295051501671859,0.8204781800746246,-0.029875691483781275
GQDC,-0.33348271106497757,0.8705036226493377,-0.22515215995756233,-0.9922090051559561,-0.9535834027422666,-0.22515215995756233,0.22515215995756238,-0.02407783575305532,-0.7476589957385343,0.8601421557688608,-1.236276356253867,0.06487315248389203,-1.2940538277525544
CGNCR,0.022784666024178876,1.344637061818803,0.15394904767292075,-0.9922090051559561,-0.9535834027422666,0.15394904767292075,-0.15394904767292036,-0.20913320196939492,0.35028749595626807,-0.7979738140435522,-1.236276356253867,0.8204781800746246,-1.2940538277525544
CPWSK,-0.1471777524036756,0.39637018347987263,0.15394904767292075,-0.9922090051559561,0.20207069049260912,0.15394904767292075,-0.15394904767292036,-0.20913320196939492,0.35028749595626807,-0.7979738140435522,-0.3295051501671859,0.8204781800746246,-1.2940538277525544
LIISL,2.5329988458817208,-0.5518966948590576,0.9121514629338862,3.082294344322279,-0.9535834027422666,0.9121514629338862,-0.912151462933886,-0.9493546668347536,-0.7476589957385343,-0.7979738140435522,2.390808468092857,-0.18699519004635207,1.234302444784992
VQNLTGE,0.13111236128588818,-0.14549660414237336,-0.4959387368364787,0.46297076251484204,-0.9535834027422666,-0.4959387368364787,0.4959387368364786,-0.4206250490737832,-0.7476589957385343,0.14952102584925522,0.05911108101282006,0.24477911143406636,0.5119149383456927
EKEKK,-1.9775422585497997,-1.5001635731979879,-2.120658198109976,-0.9922090051559561,-0.9535834027422666,-2.120658198109976,2.1206581981099766,2.7517526574920392,2.546180479345873,1.855011737656309,-1.236276356253867,-1.1944685601673288,1.234302444784992
VVRAM,1.460928206567562,-0.5518966948590576,0.9121514629338862,2.0636685069527205,-0.9535834027422666,0.9121514629338862,-0.912151462933886,-0.20913320196939492,0.35028749595626807,-0.7979738140435522,0.5772660559194951,-1.1944685601673288,1.234302444784992
KDCK,-0.9708417801694316,-0.3148299752743251,-1.1729051790337692,-0.9922090051559561,-0.9535834027422666,-1.1729051790337692,1.1729051790337695,1.8264758264103411,1.9972072334984716,0.8601421557688608,-1.236276356253867,-1.1944685601673288,-1.2940538277525544
KEETG,-1.1015821020370118,0.39637018347987263,-1.3624557828490105,-0.9922090051559561,-0.9535834027422666,-1.3624557828490105,1.3624557828490111,1.2713097277613226,0.35028749595626807,1.855011737656309,-1.236276356253867,-0.18699519004635207,1.234302444784992
KKGKK,-1.624543389507333,-0.5518966948590576,-1.3624557828490105,-0.9922090051559561,-0.9535834027422666,-1.3624557828490105,1.3624557828490111,2.0115311926266806,3.6441269710406754,-0.7979738140435522,-1.236276356253867,-0.18699519004635207,-1.2940538277525544
KEEKK,-1.9775422585497997,-1.5001635731979879,-2.120658198109976,-0.9922090051559561,-0.9535834027422666,-2.120658198109976,2.1206581981099766,2.7517526574920392,2.546180479345873,1.855011737656309,-1.236276356253867,-1.1944685601673288,1.234302444784992
KVTEFGD,0.0003720394183079164,-0.14549660414237336,-0.4959387368364787,-0.26461912132055704,-0.12811619328878404,-0.4959387368364787,0.4959387368364786,0.6368341864481576,0.036588498329181554,1.0970158657420626,0.05911108101282006,-0.4748447243666312,-0.39106944470343086
DCVAF,1.487076270941078,0.39637018347987263,0.9121514629338862,1.0450426695831616,0.20207069049260912,0.9121514629338862,-0.912151462933886,-0.20913320196939492,-0.7476589957385343,0.5285189618063783,0.5772660559194951,-1.1944685601673288,-0.029875691483781275
CLIGG,1.774704979049755,1.344637061818803,1.6703538781948515,1.0450426695831616,-0.9535834027422666,1.6703538781948515,-1.670353878194852,-0.9493546668347536,-0.7476589957385343,-0.7979738140435522,0.5772660559194951,0.8204781800746246,-0.029875691483781275
HWSQQAW,-0.5599436257284648,-0.14549660414237336,-0.4959387368364787,-0.26461912132055704,1.522818225618181,-0.4959387368364787,0.4959387368364786,-0.4206250490737832,0.036588498329181554,-0.7979738140435522,0.05911108101282006,-0.4748447243666312,-0.39106944470343086
CGSGG,0.532671921307742,3.241170818496663,0.9121514629338862,-0.9922090051559561,-0.9535834027422666,0.9121514629338862,-0.912151462933886,-0.9493546668347536,-0.7476589957385343,-0.7979738140435522,-1.236276356253867,2.835424920316578,-1.2940538277525544
GNGW,-0.3825103317653201,0.8705036226493377,0.7226008591186446,-0.9922090051559561,0.49098421380132795,0.7226008591186446,-0.7226008591186447,-0.9493546668347536,-0.7476589957385343,-0.7979738140435522,-0.10281234864551575,2.583556577786333,-1.2940538277525544
CCCGF,1.7616309468629967,2.292903940157733,1.6703538781948515,-0.9922090051559561,0.20207069049260912,1.6703538781948515,-1.670353878194852,-0.9493546668347536,-0.7476589957385343,-0.7979738140435522,-0.3295051501671859,-0.18699519004635207,-1.2940538277525544
YWTQL,0.12737692351824298,-0.5518966948590576,0.15394904767292075,0.0264168322136027,1.3577247837274848,0.15394904767292075,-0.15394904767292036,-0.9493546668347536,-0.7476589957385343,-0.7979738140435522,1.4840372620061764,-1.1944685601673288,-0.029875691483781275
VVCNY,1.2648177237661917,-0.5518966948590576,0.9121514629338862,1.0450426695831616,0.20207069049260912,0.9121514629338862,-0.912151462933886,-0.9493546668347536,-0.7476589957385343,-0.7979738140435522,1.4840372620061764,-0.18699519004635207,-1.2940538277525544
ALGPY,0.7680045006693864,0.39637018347987263,1.6703538781948515,1.0450426695831616,0.20207069049260912,1.6703538781948515,-1.670353878194852,-0.9493546668347536,-0.7476589957385343,-0.7979738140435522,0.5772660559194951,0.8204781800746246,1.234302444784992
YVVCRYS,0.7474595929473383,-0.14549660414237336,0.587207570679186,0.46297076251484204,0.6973510161646985,0.587207570679186,-0.5872075706791866,-0.4206250490737832,0.036588498329181554,-0.7979738140435522,1.354498518279507,-0.4748447243666312,-1.2940538277525544
AWANT,0.27119127757258144,1.344637061818803,0.15394904767292075,1.0450426695831616,0.20207069049260912,0.15394904767292075,-0.15394904767292036,-0.9493546668347536,-0.7476589957385343,-0.7979738140435522,-0.3295051501671859,-0.18699519004635207,1.234302444784992
AAPPY,0.34963547069312956,0.39637018347987263,1.6703538781948515,1.0450426695831616,0.20207069049260912,1.6703538781948515,-1.670353878194852,-0.9493546668347536,-0.7476589957385343,-0.7979738140435522,-0.3295051501671859,0.8204781800746246,1.234302444784992
EEETK,-1.5068770998265109,-0.5518966948590576,-2.120658198109976,-0.9922090051559561,-0.9535834027422666,-2.120658198109976,2.1206581981099766,2.0115311926266806,0.35028749595626807,3.1815045135062388,-1.236276356253867,-1.1944685601673288,2.4984805810537645
KDKC,-0.9708417801694316,-0.3148299752743251,-1.1729051790337692,-0.9922090051559561,-0.9535834027422666,-1.1729051790337692,1.1729051790337695,1.8264758264103411,1.9972072334984716,0.8601421557688608,-1.236276356253867,-1.1944685601673288,-1.2940538277525544
GIGHWTQ,0.03772641709475937,0.5318368803854339,0.0456344169213538,-0.26461912132055704,0.6973510161646985,0.0456344169213538,-0.045634416921354025,-0.4206250490737832,0.036588498329181554,-0.7979738140435522,0.05911108101282006,0.24477911143406636,-1.2940538277525544
PPYGRLP,-0.20507703780217548,-0.8228300886701806,1.1287807244370183,-0.26461912132055704,-0.12811619328878404,1.1287807244370183,-1.1287807244370192,-0.4206250490737832,0.036588498329181554,-0.7979738140435522,0.05911108101282006,1.6840267830354614,-0.39106944470343086
KMKG,-0.5622782743332431,-0.3148299752743251,-0.22515215995756233,-0.9922090051559561,-0.9535834027422666,-0.22515215995756233,0.22515215995756238,0.9011989953286429,1.9972072334984716,-0.7979738140435522,-1.236276356253867,0.06487315248389203,0.2861688425834119
VNPPY,-0.02951146272285329,-1.5001635731979879,0.9121514629338862,0.0264168322136027,0.20207069049260912,0.9121514629338862,-0.912151462933886,-0.9493546668347536,-0.7476589957385343,-0.7979738140435522,0.5772660559194951,1.8279515501956016,-1.2940538277525544
VVCQ,1.6766497376490694,-0.3148299752743251,0.7226008591186446,1.5543555882679407,-0.9535834027422666,0.7226008591186446,-0.7226008591186447,-0.9493546668347536,-0.7476589957385343,-0.7979738140435522,1.0306516589628354,-1.1944685601673288,-1.2940538277525544
ADPPY,-0.343288235205046,-0.5518966948590576,0.9121514629338862,0.0264168322136027,0.20207069049260912,0.9121514629338862,-0.912151462933886,-0.20913320196939492,-0.7476589957385343,0.5285189618063783,-0.3295051501671859,0.8204781800746246,-0.029875691483781275
VSGTKLV,1.0649718031971762,0.5318368803854339,0.0456344169213538,1.1905606463502412,-0.9535834027422666,0.0456344169213538,-0.045634416921354025,-0.4206250490737832,0.036588498329181554,-0.7979738140435522,0.7068047996461635,0.24477911143406636,-0.39106944470343086
WSELI,0.8725967581634507,-0.5518966948590576,0.15394904767292075,1.0450426695831616,0.20207069049260912,0.15394904767292075,-0.15394904767292036,-0.20913320196939492,-0.7476589957385343,0.5285189618063783,1.4840372620061764,-0.18699519004635207,1.234302444784992
VVCRY,1.1340774018986115,-0.5518966948590576,0.9121514629338862,1.0450426695831616,0.20207069049260912,0.9121514629338862,-0.912151462933886,-0.20913320196939492,0.35028749595626807,-0.7979738140435522,1.4840372620061764,-1.1944685601673288,-1.2940538277525544
KKQAQEN,-1.400417123448624,-0.8228300886701806,-1.5790850443521436,-0.26461912132055704,-0.9535834027422666,-1.5790850443521436,1.5790850443521438,0.6368341864481576,0.8208359923968975,0.14952102584925522,-1.236276356253867,-0.4748447243666312,0.5119149383456927
HWSQMAW,-0.05565952709636937,-0.14549660414237336,0.0456344169213538,-0.26461912132055704,1.522818225618181,0.0456344169213538,-0.045634416921354025,-0.4206250490737832,0.036588498329181554,-0.7979738140435522,0.05911108101282006,-0.4748447243666312,0.5119149383456927
AAVPY,1.1079293375250954,0.39637018347987263,1.6703538781948515,2.0636685069527205,0.20207069049260912,1.6703538781948515,-1.670353878194852,-0.9493546668347536,-0.7476589957385343,-0.7979738140435522,0.5772660559194951,-0.18699519004635207,1.234302444784992
PQPQN,-1.3238406492118981,-1.5001635731979879,-0.604253367588045,-0.9922090051559561,-0.9535834027422666,-0.604253367588045,0.6042533675880456,-0.9493546668347536,-0.7476589957385343,-0.7979738140435522,-1.236276356253867,1.8279515501956016,-1.2940538277525544
HFTQM,0.11430289133148495,-0.5518966948590576,-0.604253367588045,-0.9922090051559561,1.3577247837274848,-0.604253367588045,0.6042533675880456,-0.20913320196939492,0.35028749595626807,-0.7979738140435522,-0.3295051501671859,-1.1944685601673288,-0.029875691483781275
KKEKK,-2.0298383872968317,-1.5001635731979879,-2.120658198109976,-0.9922090051559561,-0.9535834027422666,-2.120658198109976,2.1206581981099766,2.7517526574920392,3.6441269710406754,0.5285189618063783,-1.236276356253867,-1.1944685601673288,-0.029875691483781275
VVRTA,1.1210033697118533,0.39637018347987263,0.15394904767292075,2.0636685069527205,-0.9535834027422666,0.15394904767292075,-0.15394904767292036,-0.20913320196939492,0.35028749595626807,-0.7979738140435522,0.5772660559194951,-1.1944685601673288,-0.029875691483781275
NQVVVQ,0.6960973236422174,-1.5001635731979879,-0.22515215995756233,1.5543555882679407,-0.9535834027422666,-0.22515215995756233,0.22515215995756238,-0.9493546668347536,-0.7476589957385343,-0.7979738140435522,1.0306516589628354,-0.3549074183998483,-1.2940538277525544
YFEILD,0.7723625113983058,-1.5001635731979879,0.4066831860932421,0.7055007237933084,0.9725067526491926,0.4066831860932421,-0.40668318609324244,0.2843477746075107,-0.7476589957385343,1.412847479039665,1.786294330701736,-1.1944685601673288,0.8129097326954006
GWENT,-0.7093611364342709,0.39637018347987263,-0.604253367588045,-0.9922090051559561,0.20207069049260912,-0.604253367588045,0.6042533675880456,-0.20913320196939492,-0.7476589957385343,0.5285189618063783,-0.3295051501671859,0.8204781800746246,-0.029875691483781275
TLQVENQ,-0.15838406570661104,-0.8228300886701806,-1.0375118905943113,0.46297076251484204,-0.9535834027422666,-1.0375118905943113,1.037511890594311,-0.4206250490737832,-0.7476589957385343,0.14952102584925522,0.05911108101282006,-0.4748447243666312,0.5119149383456927
VSGTNLV,1.1023261808736278,0.5318368803854339,0.0456344169213538,1.1905606463502412,-0.9535834027422666,0.0456344169213538,-0.045634416921354025,-0.9493546668347536,-0.7476589957385343,-0.7979738140435522,0.7068047996461635,0.9644029472347639,-0.39106944470343086
CGIGG,1.2255956272059174,2.292903940157733,1.6703538781948515,0.0264168322136027,-0.9535834027422666,1.6703538781948515,-1.670353878194852,-0.9493546668347536,-0.7476589957385343,-0.7979738140435522,-0.3295051501671859,1.827951550195601,-1.2940538277525544
GWASE,-0.02951146272285329,1.344637061818803,0.15394904767292075,0.0264168322136027,0.20207069049260912,0.15394904767292075,-0.15394904767292036,-0.20913320196939492,-0.7476589957385343,0.5285189618063783,-0.3295051501671859,0.8204781800746246,1.234302444784992
YTLHFYA,0.6447350543370965,-0.14549660414237336,0.587207570679186,0.46297076251484204,2.3482854350716638,0.587207570679186,-0.5872075706791866,-0.4206250490737832,0.036588498329181554,-0.7979738140435522,1.354498518279507,-1.1944685601673288,0.5119149383456927
HWTQM,-0.36943629957856206,-0.5518966948590576,-0.604253367588045,-0.9922090051559561,1.3577247837274848,-0.604253367588045,0.6042533675880456,-0.20913320196939492,0.35028749595626807,-0.7979738140435522,-0.3295051501671859,-1.1944685601673288,-0.029875691483781275
VAELDTF,0.9248928869104829,-0.14549660414237336,0.0456344169213538,1.1905606463502412,-0.12811619328878404,0.0456344169213538,-0.045634416921354025,0.10810456868718722,-0.7476589957385343,1.0970158657420626,0.7068047996461635,-1.1944685601673288,1.4148993213948162
KENKK,-1.9775422585497997,-1.5001635731979879,-2.120658198109976,-0.9922090051559561,-0.9535834027422666,-2.120658198109976,2.1206581981099766,2.0115311926266806,2.546180479345873,0.5285189618063783,-1.236276356253867,-0.18699519004635207,-0.029875691483781275
LIISI,2.6245170711890267,-0.5518966948590576,0.9121514629338862,3.082294344322279,-0.9535834027422666,0.9121514629338862,-0.912151462933886,-0.9493546668347536,-0.7476589957385343,-0.7979738140435522,2.390808468092857,-0.18699519004635207,-0.029875691483781275
TEKGT,-0.7355092008077868,1.344637061818803,-1.3624557828490105,-0.9922090051559561,-0.9535834027422666,-1.3624557828490105,1.3624557828490111,0.5310882628959637,0.35028749595626807,0.5285189618063783,-1.236276356253867,-0.18699519004635207,-0.029875691483781275
VTEYG,0.24504321319906533,0.39637018347987263,0.15394904767292075,0.0264168322136027,0.20207069049260912,0.15394904767292075,-0.15394904767292036,-0.20913320196939492,-0.7476589957385343,0.5285189618063783,0.5772660559194951,-0.18699519004635207,-0.029875691483781275
YTFHFYA,0.5513491101459678,-0.14549660414237336,0.587207570679186,-0.26461912132055704,3.1737526445251456,0.587207570679186,-0.5872075706791866,-0.4206250490737832,0.036588498329181554,-0.7979738140435522,1.354498518279507,-1.1944685601673288,-0.39106944470343086
CCSGY,0.7941525650429025,2.292903940157733,0.9121514629338862,-0.9922090051559561,0.20207069049260912,0.9121514629338862,-0.912151462933886,-0.9493546668347536,-0.7476589957385343,-0.7979738140435522,-0.3295051501671859,0.8204781800746246,-1.2940538277525544
PPYGQLA,0.2058211166387912,-0.14549660414237336,1.1287807244370183,0.46297076251484204,-0.12811619328878404,1.1287807244370183,-1.1287807244370192,-0.9493546668347536,-0.7476589957385343,-0.7979738140435522,0.05911108101282006,0.9644029472347639,0.5119149383456927
TLQVDGQ,0.13111236128588818,-0.14549660414237336,-0.4959387368364787,0.46297076251484204,-0.9535834027422666,-0.4959387368364787,0.4959387368364786,-0.4206250490737832,-0.7476589957385343,0.14952102584925522,0.05911108101282006,-0.4748447243666312,-0.39106944470343086
YFGAP,0.6372641788018062,0.39637018347987263,1.6703538781948515,0.0264168322136027,1.3577247837274848,1.6703538781948515,-1.670353878194852,-0.9493546668347536,-0.7476589957385343,-0.7979738140435522,0.5772660559194951,0.8204781800746246,-0.029875691483781275
YEDFNEP,-0.849440052720964,-1.5001635731979879,-0.4959387368364787,-0.9922090051559561,0.6973510161646985,-0.4959387368364787,0.4959387368364786,0.6368341864481576,-0.7476589957385343,2.0445107056348695,0.05911108101282006,0.24477911143406636,0.5119149383456927
PAPQK,-0.6832130720607549,-0.5518966948590576,0.15394904767292075,0.0264168322136027,-0.9535834027422666,0.15394904767292075,-0.15394904767292036,-0.20913320196939492,0.35028749595626807,-0.7979738140435522,-1.236276356253867,0.8204781800746246,-0.029875691483781275
ELIYR,0.3365614385063716,-1.5001635731979879,0.15394904767292075,1.0450426695831616,0.20207069049260912,0.15394904767292075,-0.15394904767292036,0.5310882628959637,0.35028749595626807,0.5285189618063783,1.4840372620061764,-1.1944685601673288,1.234302444784992
EEGKK,-1.5199511320132686,-0.5518966948590576,-1.3624557828490105,-0.9922090051559561,-0.9535834027422666,-1.3624557828490105,1.3624557828490111,2.0115311926266806,1.4482339876510706,1.855011737656309,-1.236276356253867,-0.18699519004635207,1.234302444784992
LIISV,2.5852949746287526,-0.5518966948590576,0.9121514629338862,3.082294344322279,-0.9535834027422666,0.9121514629338862,-0.912151462933886,-0.9493546668347536,-0.7476589957385343,-0.7979738140435522,2.390808468092857,-0.18699519004635207,-0.029875691483781275
TLQVIGG,1.1676963418074178,0.5318368803854339,0.587207570679186,1.1905606463502412,-0.9535834027422666,0.587207570679186,-0.5872075706791866,-0.9493546668347536,-0.7476589957385343,-0.7979738140435522,0.7068047996461635,0.24477911143406636,-0.39106944470343086
PPFGQLS,0.3459000329254844,-0.14549660414237336,0.587207570679186,-0.26461912132055704,-0.12811619328878404,0.587207570679186,-0.5872075706791866,-0.9493546668347536,-0.7476589957385343,-0.7979738140435522,0.05911108101282006,1.6840267830354614,-0.39106944470343086
VACQY,0.9510409512839989,0.39637018347987263,0.9121514629338862,1.0450426695831616,0.20207069049260912,0.9121514629338862,-0.912151462933886,-0.9493546668347536,-0.7476589957385343,-0.7979738140435522,0.5772660559194951,-1.1944685601673288,-0.029875691483781275
KGWWS,-0.4348064605123523,0.39637018347987263,0.15394904767292075,-0.9922090051559561,1.3577247837274848,0.15394904767292075,-0.15394904767292036,-0.20913320196939492,0.35028749595626807,-0.7979738140435522,0.5772660559194951,0.8204781800746246,-1.2940538277525544
YRGAL,0.3888575672534036,0.39637018347987263,0.9121514629338862,1.0450426695831616,0.20207069049260912,0.9121514629338862,-0.912151462933886,-0.20913320196939492,0.35028749595626807,-0.7979738140435522,0.5772660559194951,-0.18699519004635207,1.234302444784992
ADAEGAN,-0.046320932677256454,1.209170364913241,0.0456344169213538,1.1905606463502412,-0.9535834027422666,0.0456344169213538,-0.045634416921354025,0.10810456868718722,-0.7476589957385343,1.0970158657420626,-1.236276356253867,0.24477911143406636,2.3178837044439398
CGGGY,0.4673017603739519,2.292903940157733,1.6703538781948515,-0.9922090051559561,0.20207069049260912,1.6703538781948515,-1.670353878194852,-0.9493546668347536,-0.7476589957385343,-0.7979738140435522,-0.3295051501671859,1.827951550195601,-1.2940538277525544
YEIWNEP,-0.4478804926991102,-1.5001635731979879,0.0456344169213538,-0.26461912132055704,0.6973510161646985,0.0456344169213538,-0.045634416921354025,0.10810456868718722,-0.7476589957385343,1.0970158657420626,0.7068047996461635,0.24477911143406636,0.5119149383456927
KEEDK,-1.9252461298027677,-1.5001635731979879,-2.120658198109976,-0.9922090051559561,-0.9535834027422666,-2.120658198109976,2.1206581981099766,2.7517526574920392,1.4482339876510706,3.1815045135062396,-1.236276356253867,-1.1944685601673288,1.234302444784992
