,id,gravy,tiny,small,aliphatic,aromatic,non_polar,polar,charged,basic,acidic,helix,turn,sheet
0,TLQVTGG,0.32857142857142857,0.5714285714285714,0.5714285714285714,0.2857142857142857,0.0,0.5714285714285714,0.42857142857142855,0.0,0.0,0.0,0.2857142857142857,0.2857142857142857,0.14285714285714285
1,GMSLYWS,0.21428571428571433,0.42857142857142855,0.7142857142857142,0.14285714285714285,0.2857142857142857,0.7142857142857142,0.2857142857142857,0.0,0.0,0.0,0.42857142857142855,0.42857142857142855,0.2857142857142857
2,GWAGE,-0.6799999999999999,0.6000000000000001,0.8,0.2,0.2,0.8,0.2,0.2,0.0,0.2,0.2,0.4,0.4
3,CGGGF,0.82,0.8,1.0,0.0,0.2,1.0,0.0,0.0,0.0,0.0,0.2,0.6,0.0
4,TPKEK,-2.7199999999999998,0.2,0.2,0.0,0.0,0.2,0.8,0.6000000000000001,0.4,0.2,0.0,0.2,0.2
5,EKSAQRW,-2.185714285714286,0.2857142857142857,0.2857142857142857,0.14285714285714285,0.14285714285714285,0.2857142857142857,0.7142857142857142,0.42857142857142855,0.2857142857142857,0.14285714285714285,0.14285714285714285,0.14285714285714285,0.2857142857142857
6,IGHWTQ,-0.7000000000000001,0.3333333333333333,0.5,0.16666666666666666,0.3333333333333333,0.5,0.5,0.16666666666666666,0.16666666666666666,0.0,0.3333333333333333,0.16666666666666666,0.0
7,KEEKG,-3.04,0.2,0.2,0.0,0.0,0.2,0.8,0.8,0.4,0.4,0.0,0.2,0.4
8,GMSMYWS,-0.05714285714285721,0.42857142857142855,0.7142857142857142,0.0,0.2857142857142857,0.7142857142857142,0.2857142857142857,0.0,0.0,0.0,0.2857142857142857,0.42857142857142855,0.2857142857142857
9,AWQPT,-0.9800000000000001,0.4,0.6000000000000001,0.2,0.2,0.6000000000000001,0.4,0.0,0.0,0.0,0.2,0.2,0.2
10,VVCWY,1.7399999999999998,0.2,1.0,0.4,0.4,1.0,0.0,0.0,0.0,0.0,0.8,0.0,0.0
11,GIGHWT,-0.18333333333333343,0.5,0.6666666666666666,0.16666666666666666,0.3333333333333333,0.6666666666666666,0.3333333333333333,0.16666666666666666,0.16666666666666666,0.0,0.3333333333333333,0.3333333333333333,0.0
12,KNEKK,-3.7399999999999998,0.0,0.0,0.0,0.0,0.0,1.0,0.8,0.6,0.2,0.0,0.2,0.2
13,HWTQL,-0.9000000000000001,0.2,0.4,0.2,0.4,0.4,0.6000000000000001,0.2,0.2,0.0,0.4,0.0,0.2
14,IKNKTIE,-0.9285714285714286,0.14285714285714285,0.2857142857142857,0.2857142857142857,0.0,0.2857142857142857,0.7142857142857142,0.42857142857142855,0.2857142857142857,0.14285714285714285,0.2857142857142857,0.14285714285714285,0.14285714285714285
15,AAPPN,-0.62,0.4,0.8,0.4,0.0,0.8,0.2,0.0,0.0,0.0,0.0,0.6000000000000001,0.4
16,TEYGC,-0.68,0.6000000000000001,0.6000000000000001,0.0,0.2,0.6000000000000001,0.4,0.2,0.0,0.2,0.2,0.2,0.2
17,DAPQK,-2.1399999999999997,0.2,0.4,0.2,0.0,0.4,0.6000000000000001,0.4,0.2,0.2,0.0,0.2,0.2
18,EDKK,-3.7,0.0,0.0,0.0,0.0,0.0,1.0,1.0,0.5,0.5,0.0,0.0,0.25
19,CPKEK,-2.08,0.2,0.4,0.0,0.0,0.4,0.6000000000000001,0.6000000000000001,0.4,0.2,0.0,0.2,0.2
20,CGDGF,0.2,0.6000000000000001,0.8,0.0,0.2,0.8,0.2,0.2,0.0,0.2,0.2,0.4,0.0
21,ACGVKF,1.1666666666666665,0.5,0.8333333333333333,0.3333333333333333,0.16666666666666666,0.8333333333333333,0.16666666666666666,0.16666666666666666,0.16666666666666666,0.0,0.3333333333333333,0.16666666666666666,0.16666666666666666
22,SWWSLL,0.6999999999999998,0.3333333333333333,0.6666666666666666,0.3333333333333333,0.3333333333333333,0.6666666666666666,0.3333333333333333,0.0,0.0,0.0,0.6666666666666666,0.3333333333333333,0.3333333333333333
23,GEETK,-2.4,0.4,0.2,0.0,0.0,0.2,0.8,0.6000000000000001,0.2,0.4,0.0,0.2,0.4
24,KDKK,-3.8000000000000003,0.0,0.0,0.0,0.0,0.0,1.0,1.0,0.75,0.25,0.0,0.0,0.0
25,PYGNYGE,-1.7142857142857146,0.2857142857142857,0.7142857142857142,0.0,0.2857142857142857,0.7142857142857142,0.2857142857142857,0.14285714285714285,0.0,0.14285714285714285,0.2857142857142857,0.5714285714285714,0.14285714285714285
26,KCTLSHS,-0.4428571428571428,0.5714285714285714,0.2857142857142857,0.14285714285714285,0.14285714285714285,0.2857142857142857,0.7142857142857142,0.2857142857142857,0.2857142857142857,0.0,0.14285714285714285,0.2857142857142857,0.14285714285714285
27,KDAK,-2.375,0.25,0.25,0.25,0.0,0.25,0.75,0.75,0.5,0.25,0.0,0.0,0.25
28,EEEKK,-3.66,0.0,0.0,0.0,0.0,0.0,1.0,1.0,0.4,0.6,0.0,0.0,0.6
29,KEEKKT,-3.233333333333333,0.16666666666666666,0.0,0.0,0.0,0.0,0.9999999999999999,0.8333333333333333,0.5,0.3333333333333333,0.0,0.0,0.3333333333333333
30,ACGVKN,0.11666666666666654,0.5,0.6666666666666666,0.3333333333333333,0.0,0.6666666666666666,0.3333333333333333,0.16666666666666666,0.16666666666666666,0.0,0.16666666666666666,0.3333333333333333,0.16666666666666666
31,FVTEYGT,0.0571428571428571,0.42857142857142855,0.5714285714285714,0.14285714285714285,0.2857142857142857,0.5714285714285714,0.42857142857142855,0.14285714285714285,0.0,0.14285714285714285,0.42857142857142855,0.14285714285714285,0.14285714285714285
32,GHWT,-1.3,0.5,0.5,0.0,0.5,0.5,0.5,0.25,0.25,0.0,0.25,0.25,0.0
33,KDKM,-2.35,0.0,0.25,0.0,0.0,0.25,0.75,0.75,0.5,0.25,0.0,0.0,0.25
34,PGQDC,-1.3,0.4,0.6000000000000001,0.0,0.0,0.6000000000000001,0.4,0.2,0.0,0.2,0.0,0.4,0.0
35,PPYGRLS,-0.9142857142857144,0.2857142857142857,0.7142857142857142,0.14285714285714285,0.14285714285714285,0.7142857142857142,0.2857142857142857,0.14285714285714285,0.14285714285714285,0.0,0.2857142857142857,0.5714285714285714,0.14285714285714285
36,AGEPC,-0.24000000000000005,0.6000000000000001,0.8,0.2,0.0,0.8,0.2,0.2,0.0,0.2,0.0,0.4,0.4
37,CGCCA,1.78,1.0,1.0,0.2,0.0,1.0,0.0,0.0,0.0,0.0,0.0,0.2,0.2
38,AWADT,-0.29999999999999993,0.6000000000000001,0.6000000000000001,0.4,0.2,0.6000000000000001,0.4,0.2,0.0,0.2,0.2,0.0,0.4
39,GMSLFWS,0.7999999999999999,0.42857142857142855,0.7142857142857142,0.14285714285714285,0.2857142857142857,0.7142857142857142,0.2857142857142857,0.0,0.0,0.0,0.42857142857142855,0.42857142857142855,0.2857142857142857
40,RWWDE,-2.66,0.0,0.4,0.0,0.4,0.4,0.6000000000000001,0.6000000000000001,0.2,0.4,0.4,0.0,0.2
41,EKSAQGW,-1.6000000000000003,0.42857142857142855,0.42857142857142855,0.14285714285714285,0.14285714285714285,0.42857142857142855,0.5714285714285714,0.2857142857142857,0.14285714285714285,0.14285714285714285,0.14285714285714285,0.2857142857142857,0.2857142857142857
42,HWSQQ,-2.38,0.2,0.2,0.0,0.4,0.2,0.8,0.2,0.2,0.0,0.2,0.2,0.0
43,VSGTNLM,0.6428571428571429,0.42857142857142855,0.5714285714285714,0.2857142857142857,0.0,0.5714285714285714,0.42857142857142855,0.0,0.0,0.0,0.2857142857142857,0.42857142857142855,0.2857142857142857
44,YFRLP,-0.16000000000000006,0.0,0.8,0.2,0.4,0.8,0.2,0.2,0.2,0.0,0.6000000000000001,0.2,0.2
45,EKQAQAW,-1.6714285714285713,0.2857142857142857,0.42857142857142855,0.2857142857142857,0.14285714285714285,0.42857142857142855,0.5714285714285714,0.2857142857142857,0.14285714285714285,0.14285714285714285,0.14285714285714285,0.0,0.42857142857142855
46,YTLHWYP,-0.742857142857143,0.14285714285714285,0.7142857142857142,0.14285714285714285,0.5714285714285714,0.7142857142857142,0.2857142857142857,0.14285714285714285,0.14285714285714285,0.0,0.5714285714285714,0.14285714285714285,0.14285714285714285
47,YVVCQYK,0.1285714285714288,0.14285714285714285,0.7142857142857142,0.2857142857142857,0.2857142857142857,0.7142857142857142,0.2857142857142857,0.14285714285714285,0.14285714285714285,0.0,0.5714285714285714,0.0,0.0
48,WWSE,-1.525,0.25,0.5,0.0,0.5,0.5,0.5,0.25,0.0,0.25,0.5,0.25,0.25
49,GWWSE,-1.3,0.4,0.6000000000000001,0.0,0.4,0.6000000000000001,0.4,0.2,0.0,0.2,0.4,0.4,0.2
50,YETWNEP,-2.142857142857143,0.14285714285714285,0.42857142857142855,0.0,0.2857142857142857,0.42857142857142855,0.5714285714285714,0.2857142857142857,0.0,0.2857142857142857,0.2857142857142857,0.2857142857142857,0.2857142857142857
51,KPKEK,-3.3600000000000003,0.0,0.2,0.0,0.0,0.2,0.8,0.8,0.6,0.2,0.0,0.2,0.2
52,AWAKT,-0.37999999999999995,0.6000000000000001,0.6000000000000001,0.4,0.2,0.6000000000000001,0.4,0.2,0.2,0.0,0.2,0.0,0.4
53,YRAGEP,-1.5833333333333333,0.3333333333333333,0.6666666666666666,0.16666666666666666,0.16666666666666666,0.6666666666666666,0.3333333333333333,0.3333333333333333,0.16666666666666666,0.16666666666666666,0.16666666666666666,0.3333333333333333,0.3333333333333333
54,RWWDEL,-1.5833333333333333,0.0,0.5,0.16666666666666666,0.3333333333333333,0.5,0.5,0.5,0.16666666666666666,0.3333333333333333,0.5,0.0,0.3333333333333333
55,DNDSAA,-1.2833333333333334,0.5,0.3333333333333333,0.3333333333333333,0.0,0.3333333333333333,0.6666666666666666,0.3333333333333333,0.0,0.3333333333333333,0.0,0.3333333333333333,0.3333333333333333
56,DQPQK,-3.2,0.0,0.2,0.0,0.0,0.2,0.8,0.4,0.2,0.2,0.0,0.2,0.0
57,AWWGE,-0.78,0.4,0.8,0.2,0.4,0.8,0.2,0.2,0.0,0.2,0.4,0.2,0.4
58,ADAAIAN,0.6714285714285716,0.5714285714285714,0.7142857142857142,0.7142857142857142,0.0,0.7142857142857142,0.2857142857142857,0.14285714285714285,0.0,0.14285714285714285,0.14285714285714285,0.14285714285714285,0.5714285714285714
59,PYPGQ,-1.6800000000000002,0.2,0.8,0.0,0.2,0.8,0.2,0.0,0.0,0.0,0.2,0.6000000000000001,0.0
60,CGICG,1.7399999999999998,0.8,1.0,0.2,0.0,1.0,0.0,0.0,0.0,0.0,0.2,0.4,0.0
61,NKDKAC,-1.75,0.3333333333333333,0.3333333333333333,0.16666666666666666,0.0,0.3333333333333333,0.6666666666666666,0.5,0.3333333333333333,0.16666666666666666,0.0,0.16666666666666666,0.16666666666666666
62,GQDCV,-0.14000000000000004,0.4,0.6000000000000001,0.2,0.0,0.6000000000000001,0.4,0.2,0.0,0.2,0.2,0.2,0.0
63,MWWAEL,0.36666666666666664,0.16666666666666666,0.8333333333333333,0.3333333333333333,0.3333333333333333,0.8333333333333333,0.16666666666666666,0.16666666666666666,0.0,0.16666666666666666,0.5,0.0,0.6666666666666666
64,TLQVAGQ,0.24285714285714274,0.42857142857142855,0.5714285714285714,0.42857142857142855,0.0,0.5714285714285714,0.42857142857142855,0.0,0.0,0.0,0.2857142857142857,0.14285714285714285,0.2857142857142857
65,KEERK,-3.8600000000000003,0.0,0.0,0.0,0.0,0.0,1.0,1.0,0.6000000000000001,0.4,0.0,0.0,0.4
66,VPCQY,0.05999999999999992,0.2,0.8,0.2,0.2,0.8,0.2,0.0,0.0,0.0,0.4,0.2,0.0
67,YTLHLYA,0.4142857142857142,0.2857142857142857,0.7142857142857142,0.42857142857142855,0.42857142857142855,0.7142857142857142,0.2857142857142857,0.14285714285714285,0.14285714285714285,0.0,0.5714285714285714,0.0,0.42857142857142855
68,KGWW,-1.5250000000000001,0.25,0.75,0.0,0.5,0.75,0.25,0.25,0.25,0.0,0.5,0.25,0.0
69,CCCGG,1.3399999999999999,1.0,1.0,0.0,0.0,1.0,0.0,0.0,0.0,0.0,0.0,0.4,0.0
70,VKGTNLV,0.5285714285714286,0.2857142857142857,0.5714285714285714,0.42857142857142855,0.0,0.5714285714285714,0.42857142857142855,0.14285714285714285,0.14285714285714285,0.0,0.42857142857142855,0.2857142857142857,0.14285714285714285
71,YEIFNEP,-0.8714285714285713,0.0,0.5714285714285714,0.14285714285714285,0.2857142857142857,0.5714285714285714,0.42857142857142855,0.2857142857142857,0.0,0.2857142857142857,0.42857142857142855,0.2857142857142857,0.2857142857142857
72,KEEQK,-3.66,0.0,0.0,0.0,0.0,0.0,1.0,0.8,0.4,0.4,0.0,0.0,0.4
73,AAPPF,0.6399999999999999,0.4,1.0,0.4,0.2,1.0,0.0,0.0,0.0,0.0,0.2,0.4,0.4
74,WNTNQV,-1.3166666666666669,0.16666666666666666,0.3333333333333333,0.16666666666666666,0.16666666666666666,0.3333333333333333,0.6666666666666666,0.0,0.0,0.0,0.3333333333333333,0.3333333333333333,0.0
75,YVVCWYY,0.8714285714285717,0.14285714285714285,1.0,0.2857142857142857,0.5714285714285714,1.0,0.0,0.0,0.0,0.0,0.857142857142857,0.0,0.0
76,KEHKK,-3.6800000000000006,0.0,0.0,0.0,0.2,0.0,1.0,1.0,0.8,0.2,0.0,0.0,0.2
77,MWWAE,-0.32,0.2,0.8,0.2,0.4,0.8,0.2,0.2,0.0,0.2,0.4,0.0,0.6000000000000001
78,ASPPN,-1.1400000000000001,0.4,0.6000000000000001,0.2,0.0,0.6000000000000001,0.4,0.0,0.0,0.0,0.0,0.8,0.2
79,KEETK,-3.1,0.2,0.0,0.0,0.0,0.0,1.0,0.8,0.4,0.4,0.0,0.0,0.4
80,CPKKC,-0.8800000000000001,0.4,0.6000000000000001,0.0,0.0,0.6000000000000001,0.4,0.4,0.4,0.0,0.0,0.2,0.0
81,YSRAP,-1.28,0.4,0.6000000000000001,0.2,0.2,0.6000000000000001,0.4,0.2,0.2,0.0,0.2,0.4,0.2
82,CGIGR,0.33999999999999986,0.6000000000000001,0.8,0.2,0.0,0.8,0.2,0.2,0.2,0.0,0.2,0.4,0.0
83,GIGHW,-0.0800000000000001,0.4,0.8,0.2,0.4,0.8,0.2,0.2,0.2,0.0,0.4,0.4,0.0
84,IGHWT,-0.1400000000000001,0.4,0.6000000000000001,0.2,0.4,0.6000000000000001,0.4,0.2,0.2,0.0,0.4,0.2,0.0
85,FVTEY,0.29999999999999993,0.2,0.6000000000000001,0.2,0.4,0.6000000000000001,0.4,0.2,0.0,0.2,0.6000000000000001,0.0,0.2
86,KDKSKK,-3.3166666666666664,0.16666666666666666,0.0,0.0,0.0,0.0,0.9999999999999999,0.8333333333333333,0.6666666666666666,0.16666666666666666,0.0,0.16666666666666666,0.0
87,EEERG,-3.08,0.2,0.2,0.0,0.0,0.2,0.8,0.8,0.2,0.6,0.0,0.2,0.6
88,VVCQL,2.2399999999999998,0.2,0.8,0.6000000000000001,0.0,0.8,0.2,0.0,0.0,0.0,0.6000000000000001,0.0,0.2
89,VVRAA,1.5,0.4,0.8,0.8,0.0,0.8,0.2,0.2,0.2,0.0,0.4,0.0,0.4
90,QDCVA,0.30000000000000004,0.4,0.6000000000000001,0.4,0.0,0.6000000000000001,0.4,0.2,0.0,0.2,0.2,0.0,0.2
91,GWWWG,-0.7,0.4,1.0,0.0,0.6,1.0,0.0,0.0,0.0,0.0,0.6,0.4,0.0
92,AWSIT,0.7799999999999999,0.6000000000000001,0.6000000000000001,0.4,0.2,0.6000000000000001,0.4,0.0,0.0,0.0,0.4,0.2,0.2
93,YFRAE,-0.9400000000000001,0.2,0.6000000000000001,0.2,0.4,0.6000000000000001,0.4,0.4,0.2,0.2,0.4,0.0,0.4
94,FVPEYND,-0.9142857142857143,0.0,0.5714285714285714,0.14285714285714285,0.2857142857142857,0.5714285714285714,0.42857142857142855,0.2857142857142857,0.0,0.2857142857142857,0.42857142857142855,0.2857142857142857,0.14285714285714285
95,SEKGC,-1.22,0.6000000000000001,0.4,0.0,0.0,0.4,0.6000000000000001,0.4,0.2,0.2,0.0,0.4,0.2
96,PPYGQLS,-0.7714285714285715,0.2857142857142857,0.7142857142857142,0.14285714285714285,0.14285714285714285,0.7142857142857142,0.2857142857142857,0.0,0.0,0.0,0.2857142857142857,0.5714285714285714,0.14285714285714285
97,WSQDVDV,-0.5428571428571427,0.14285714285714285,0.42857142857142855,0.2857142857142857,0.14285714285714285,0.42857142857142855,0.5714285714285714,0.2857142857142857,0.0,0.2857142857142857,0.42857142857142855,0.14285714285714285,0.0
98,LIISII,3.5,0.16666666666666666,0.8333333333333333,0.8333333333333333,0.0,0.8333333333333333,0.16666666666666666,0.0,0.0,0.0,0.8333333333333333,0.16666666666666666,0.16666666666666666
99,KKETK,-3.18,0.2,0.0,0.0,0.0,0.0,1.0,0.8,0.6,0.2,0.0,0.0,0.2
100,CVAFD,1.56,0.4,0.8,0.4,0.2,0.8,0.2,0.2,0.0,0.2,0.4,0.0,0.2
101,GALGP,0.6399999999999998,0.6000000000000001,1.0,0.4,0.0,1.0,0.0,0.0,0.0,0.0,0.2,0.6000000000000001,0.4
102,HWTQMAW,-0.7857142857142858,0.2857142857142857,0.5714285714285714,0.14285714285714285,0.42857142857142855,0.5714285714285714,0.42857142857142855,0.14285714285714285,0.14285714285714285,0.0,0.2857142857142857,0.0,0.2857142857142857
103,DEEKK,-3.66,0.0,0.0,0.0,0.0,0.0,1.0,1.0,0.4,0.6000000000000001,0.0,0.0,0.4
104,LGPYP,-0.22000000000000006,0.2,1.0,0.2,0.2,1.0,0.0,0.0,0.0,0.0,0.4,0.6000000000000001,0.2
105,PTHPIR,-1.1833333333333333,0.16666666666666666,0.5,0.16666666666666666,0.16666666666666666,0.5,0.5,0.3333333333333333,0.3333333333333333,0.0,0.16666666666666666,0.3333333333333333,0.0
106,GWWSEL,-0.45,0.3333333333333333,0.6666666666666666,0.16666666666666666,0.3333333333333333,0.6666666666666666,0.3333333333333333,0.16666666666666666,0.0,0.16666666666666666,0.5,0.3333333333333333,0.3333333333333333
107,GPYPG,-1.06,0.4,1.0,0.0,0.2,1.0,0.0,0.0,0.0,0.0,0.2,0.8,0.0
108,QKQAQEN,-2.8000000000000003,0.14285714285714285,0.14285714285714285,0.14285714285714285,0.0,0.14285714285714285,0.8571428571428571,0.2857142857142857,0.14285714285714285,0.14285714285714285,0.0,0.14285714285714285,0.2857142857142857
109,WWSEL,-0.45999999999999996,0.2,0.6000000000000001,0.2,0.4,0.6000000000000001,0.4,0.2,0.0,0.2,0.6000000000000001,0.2,0.4
110,YTLHFYT,-0.08571428571428578,0.2857142857142857,0.5714285714285714,0.14285714285714285,0.5714285714285714,0.5714285714285714,0.42857142857142855,0.14285714285714285,0.14285714285714285,0.0,0.5714285714285714,0.0,0.14285714285714285
111,YFGMLD,0.5499999999999998,0.16666666666666666,0.8333333333333333,0.16666666666666666,0.3333333333333333,0.8333333333333333,0.16666666666666666,0.16666666666666666,0.0,0.16666666666666666,0.5,0.16666666666666666,0.3333333333333333
112,WNSNVV,-0.04999999999999982,0.16666666666666666,0.5,0.3333333333333333,0.16666666666666666,0.5,0.5,0.0,0.0,0.0,0.5,0.5,0.0
113,TNLVG,0.6799999999999999,0.4,0.6000000000000001,0.4,0.0,0.6000000000000001,0.4,0.0,0.0,0.0,0.4,0.4,0.2
114,PTHP,-1.775,0.25,0.5,0.0,0.25,0.5,0.5,0.25,0.25,0.0,0.0,0.5,0.0
115,SIISI,2.38,0.4,0.6,0.6,0.0,0.6,0.4,0.0,0.0,0.0,0.6,0.4,0.0
116,GDKK,-2.925,0.25,0.25,0.0,0.0,0.25,0.75,0.75,0.5,0.25,0.0,0.25,0.0
117,AWWDT,-0.8400000000000001,0.4,0.6000000000000001,0.2,0.4,0.6000000000000001,0.4,0.2,0.0,0.2,0.4,0.0,0.2
118,FITEYGT,0.09999999999999994,0.42857142857142855,0.5714285714285714,0.14285714285714285,0.2857142857142857,0.5714285714285714,0.42857142857142855,0.14285714285714285,0.0,0.14285714285714285,0.42857142857142855,0.14285714285714285,0.14285714285714285
119,YWTQLAW,-0.24285714285714294,0.2857142857142857,0.7142857142857142,0.2857142857142857,0.42857142857142855,0.7142857142857142,0.2857142857142857,0.0,0.0,0.0,0.5714285714285714,0.0,0.2857142857142857
120,TETGNEP,-1.9857142857142858,0.42857142857142855,0.2857142857142857,0.0,0.0,0.2857142857142857,0.7142857142857142,0.2857142857142857,0.0,0.2857142857142857,0.0,0.42857142857142855,0.2857142857142857
121,YETFNEP,-1.614285714285714,0.14285714285714285,0.42857142857142855,0.0,0.2857142857142857,0.42857142857142855,0.5714285714285714,0.2857142857142857,0.0,0.2857142857142857,0.2857142857142857,0.2857142857142857,0.2857142857142857
122,GEEKK,-3.04,0.2,0.2,0.0,0.0,0.2,0.8,0.8,0.4,0.4,0.0,0.2,0.4
123,WNANVV,0.3833333333333333,0.16666666666666666,0.6666666666666666,0.5,0.16666666666666666,0.6666666666666666,0.3333333333333333,0.0,0.0,0.0,0.5,0.3333333333333333,0.16666666666666666
124,KEGKK,-3.12,0.2,0.2,0.0,0.0,0.2,0.8,0.8,0.6,0.2,0.0,0.2,0.2
125,RGALGPY,-0.3714285714285715,0.42857142857142855,0.857142857142857,0.2857142857142857,0.14285714285714285,0.857142857142857,0.14285714285714285,0.14285714285714285,0.14285714285714285,0.0,0.2857142857142857,0.42857142857142855,0.2857142857142857
126,YSLHYYA,-0.3285714285714287,0.2857142857142857,0.7142857142857142,0.2857142857142857,0.5714285714285714,0.7142857142857142,0.2857142857142857,0.14285714285714285,0.14285714285714285,0.0,0.5714285714285714,0.14285714285714285,0.2857142857142857
127,KCTYSHS,-1.1714285714285713,0.5714285714285714,0.2857142857142857,0.0,0.2857142857142857,0.2857142857142857,0.7142857142857142,0.2857142857142857,0.2857142857142857,0.0,0.14285714285714285,0.2857142857142857,0.0
128,KCGVKF,0.2166666666666667,0.3333333333333333,0.6666666666666666,0.16666666666666666,0.16666666666666666,0.6666666666666666,0.3333333333333333,0.3333333333333333,0.3333333333333333,0.0,0.3333333333333333,0.16666666666666666,0.0
129,GQDCVAF,0.557142857142857,0.42857142857142855,0.7142857142857142,0.2857142857142857,0.14285714285714285,0.7142857142857142,0.2857142857142857,0.14285714285714285,0.0,0.14285714285714285,0.2857142857142857,0.14285714285714285,0.14285714285714285
130,PPYGKLS,-0.8285714285714286,0.2857142857142857,0.7142857142857142,0.14285714285714285,0.14285714285714285,0.7142857142857142,0.2857142857142857,0.14285714285714285,0.14285714285714285,0.0,0.2857142857142857,0.5714285714285714,0.14285714285714285
131,LIYRG,0.4200000000000002,0.2,0.8,0.4,0.2,0.8,0.2,0.2,0.2,0.0,0.6000000000000001,0.2,0.2
132,RGALGQL,0.0857142857142856,0.42857142857142855,0.7142857142857142,0.42857142857142855,0.0,0.7142857142857142,0.2857142857142857,0.14285714285714285,0.14285714285714285,0.0,0.2857142857142857,0.2857142857142857,0.42857142857142855
133,LFISI,2.96,0.2,0.8,0.6000000000000001,0.2,0.8,0.2,0.0,0.0,0.0,0.8,0.2,0.2
134,SEYGT,-1.34,0.6000000000000001,0.4,0.0,0.2,0.4,0.6000000000000001,0.2,0.0,0.2,0.2,0.4,0.2
135,HWSQM,-1.3,0.2,0.4,0.0,0.4,0.4,0.6000000000000001,0.2,0.2,0.0,0.2,0.2,0.2
136,HWTQLAW,-0.5142857142857145,0.2857142857142857,0.5714285714285714,0.2857142857142857,0.42857142857142855,0.5714285714285714,0.42857142857142855,0.14285714285714285,0.14285714285714285,0.0,0.42857142857142855,0.0,0.2857142857142857
137,ASASSH,-0.3333333333333334,0.8333333333333333,0.3333333333333333,0.3333333333333333,0.16666666666666666,0.3333333333333333,0.6666666666666666,0.16666666666666666,0.16666666666666666,0.0,0.0,0.5,0.3333333333333333
138,TLQVEGQ,-0.5142857142857143,0.2857142857142857,0.42857142857142855,0.2857142857142857,0.0,0.42857142857142855,0.5714285714285714,0.14285714285714285,0.0,0.14285714285714285,0.2857142857142857,0.14285714285714285,0.2857142857142857
139,YTLHYYA,-0.31428571428571433,0.2857142857142857,0.7142857142857142,0.2857142857142857,0.5714285714285714,0.7142857142857142,0.2857142857142857,0.14285714285714285,0.14285714285714285,0.0,0.5714285714285714,0.0,0.2857142857142857
140,INNG,-0.725,0.25,0.5,0.25,0.0,0.5,0.5,0.0,0.0,0.0,0.25,0.75,0.0
141,CQNGG,-1.06,0.6000000000000001,0.6000000000000001,0.0,0.0,0.6000000000000001,0.4,0.0,0.0,0.0,0.0,0.6000000000000001,0.0
142,VKNKTGE,-1.6714285714285713,0.2857142857142857,0.2857142857142857,0.14285714285714285,0.0,0.2857142857142857,0.7142857142857142,0.42857142857142855,0.2857142857142857,0.14285714285714285,0.14285714285714285,0.2857142857142857,0.14285714285714285
143,CPKYK,-1.64,0.2,0.6000000000000001,0.0,0.2,0.6000000000000001,0.4,0.4,0.4,0.0,0.2,0.2,0.0
144,CGCCG,1.3399999999999999,1.0,1.0,0.0,0.0,1.0,0.0,0.0,0.0,0.0,0.0,0.4,0.0
145,FDAPQ,-0.8,0.2,0.6000000000000001,0.2,0.2,0.6000000000000001,0.4,0.2,0.0,0.2,0.2,0.2,0.2
146,QQVVVQ,0.3500000000000001,0.0,0.5,0.5,0.0,0.5,0.5,0.0,0.0,0.0,0.5,0.0,0.0
147,EKQAQEW,-2.4285714285714284,0.14285714285714285,0.2857142857142857,0.14285714285714285,0.14285714285714285,0.2857142857142857,0.7142857142857142,0.42857142857142855,0.14285714285714285,0.2857142857142857,0.14285714285714285,0.0,0.42857142857142855
148,ADAEGTN,-1.1428571428571428,0.5714285714285714,0.42857142857142855,0.2857142857142857,0.0,0.42857142857142855,0.5714285714285714,0.2857142857142857,0.0,0.2857142857142857,0.0,0.2857142857142857,0.42857142857142855
149,VVCQY,1.2200000000000002,0.2,0.8,0.4,0.2,0.8,0.2,0.0,0.0,0.0,0.6000000000000001,0.0,0.0
150,VKQAQEN,-1.6999999999999997,0.14285714285714285,0.2857142857142857,0.2857142857142857,0.0,0.2857142857142857,0.7142857142857142,0.2857142857142857,0.14285714285714285,0.14285714285714285,0.14285714285714285,0.14285714285714285,0.2857142857142857
151,YFRAP,-0.5599999999999999,0.2,0.8,0.2,0.4,0.8,0.2,0.2,0.2,0.0,0.4,0.2,0.2
152,VAELDTL,0.8428571428571427,0.2857142857142857,0.5714285714285714,0.5714285714285714,0.0,0.5714285714285714,0.42857142857142855,0.2857142857142857,0.0,0.2857142857142857,0.42857142857142855,0.0,0.5714285714285714
153,VIELDTY,0.5,0.14285714285714285,0.5714285714285714,0.42857142857142855,0.14285714285714285,0.5714285714285714,0.42857142857142855,0.2857142857142857,0.0,0.2857142857142857,0.5714285714285714,0.0,0.2857142857142857
154,KEEEK,-3.66,0.0,0.0,0.0,0.0,0.0,1.0,1.0,0.4,0.6,0.0,0.0,0.6
155,DAPQN,-2.06,0.2,0.4,0.2,0.0,0.4,0.6000000000000001,0.2,0.0,0.2,0.0,0.4,0.2
156,LIIGI,3.38,0.2,1.0,0.8,0.0,1.0,0.0,0.0,0.0,0.0,0.8,0.2,0.2
157,FSPPY,-0.5000000000000001,0.2,0.8,0.0,0.4,0.8,0.2,0.0,0.0,0.0,0.4,0.6000000000000001,0.0
158,EEERK,-3.78,0.0,0.0,0.0,0.0,0.0,1.0,1.0,0.4,0.6,0.0,0.0,0.6
159,HWTQ,-2.075,0.25,0.25,0.0,0.5,0.25,0.75,0.25,0.25,0.0,0.25,0.0,0.0
160,VSGTNLC,0.7285714285714286,0.5714285714285714,0.5714285714285714,0.2857142857142857,0.0,0.5714285714285714,0.42857142857142855,0.0,0.0,0.0,0.2857142857142857,0.42857142857142855,0.14285714285714285
161,FVTEYGC,0.5142857142857142,0.42857142857142855,0.7142857142857142,0.14285714285714285,0.2857142857142857,0.7142857142857142,0.2857142857142857,0.14285714285714285,0.0,0.14285714285714285,0.42857142857142855,0.14285714285714285,0.14285714285714285
162,GEGKK,-2.42,0.4,0.4,0.0,0.0,0.4,0.6000000000000001,0.6000000000000001,0.4,0.2,0.0,0.4,0.2
163,CGDCG,0.14,0.8,0.8,0.0,0.0,0.8,0.2,0.2,0.0,0.2,0.0,0.4,0.0
164,VVRVA,1.9800000000000004,0.2,0.8,0.8,0.0,0.8,0.2,0.2,0.2,0.0,0.6,0.0,0.2
165,WNTNLV,-0.10000000000000024,0.16666666666666666,0.5,0.3333333333333333,0.16666666666666666,0.5,0.5,0.0,0.0,0.0,0.5,0.3333333333333333,0.16666666666666666
166,CGEGE,-1.06,0.6000000000000001,0.6000000000000001,0.0,0.0,0.6000000000000001,0.4,0.4,0.0,0.4,0.0,0.4,0.4
167,YTMHFYA,-6.344131569286608e-17,0.2857142857142857,0.7142857142857142,0.14285714285714285,0.5714285714285714,0.7142857142857142,0.2857142857142857,0.14285714285714285,0.14285714285714285,0.0,0.42857142857142855,0.0,0.2857142857142857
168,GNSLFWH,-0.3142857142857144,0.2857142857142857,0.5714285714285714,0.14285714285714285,0.42857142857142855,0.5714285714285714,0.42857142857142855,0.14285714285714285,0.14285714285714285,0.0,0.42857142857142855,0.42857142857142855,0.14285714285714285
169,FVTEYGD,-0.3428571428571429,0.2857142857142857,0.5714285714285714,0.14285714285714285,0.2857142857142857,0.5714285714285714,0.42857142857142855,0.2857142857142857,0.0,0.2857142857142857,0.42857142857142855,0.14285714285714285,0.14285714285714285
170,KNVIIL,1.5999999999999999,0.0,0.6666666666666666,0.6666666666666666,0.0,0.6666666666666666,0.3333333333333333,0.16666666666666666,0.16666666666666666,0.0,0.6666666666666666,0.16666666666666666,0.16666666666666666
171,YSLHFYA,0.25714285714285706,0.2857142857142857,0.7142857142857142,0.2857142857142857,0.5714285714285714,0.7142857142857142,0.2857142857142857,0.14285714285714285,0.14285714285714285,0.0,0.5714285714285714,0.14285714285714285,0.2857142857142857
172,CGNCG,0.14,0.8,0.8,0.0,0.0,0.8,0.2,0.0,0.0,0.0,0.0,0.6000000000000001,0.0
173,VSGKNLV,0.5142857142857143,0.2857142857142857,0.5714285714285714,0.42857142857142855,0.0,0.5714285714285714,0.42857142857142855,0.14285714285714285,0.14285714285714285,0.0,0.42857142857142855,0.42857142857142855,0.14285714285714285
174,YFKAE,-0.8200000000000001,0.2,0.6000000000000001,0.2,0.4,0.6000000000000001,0.4,0.4,0.2,0.2,0.4,0.0,0.4
175,AFDAP,0.2599999999999999,0.4,0.8,0.4,0.2,0.8,0.2,0.2,0.0,0.2,0.2,0.2,0.4
176,FVTEYG,0.18333333333333326,0.3333333333333333,0.6666666666666666,0.16666666666666666,0.3333333333333333,0.6666666666666666,0.3333333333333333,0.16666666666666666,0.0,0.16666666666666666,0.5,0.16666666666666666,0.16666666666666666
177,YWWNE,-2.02,0.0,0.6000000000000001,0.0,0.6000000000000001,0.6000000000000001,0.4,0.2,0.0,0.2,0.6000000000000001,0.2,0.2
178,PPGN,-1.775,0.25,0.75,0.0,0.0,0.75,0.25,0.0,0.0,0.0,0.0,1.0,0.0
179,GHWTQ,-1.7399999999999998,0.4,0.4,0.0,0.4,0.4,0.6000000000000001,0.2,0.2,0.0,0.2,0.2,0.0
180,NGQP,-2.25,0.25,0.5,0.0,0.0,0.5,0.5,0.0,0.0,0.0,0.0,0.75,0.0
181,IYRGA,0.020000000000000063,0.4,0.8,0.4,0.2,0.8,0.2,0.2,0.2,0.0,0.4,0.2,0.2
182,EKGAQSW,-1.6,0.42857142857142855,0.42857142857142855,0.14285714285714285,0.14285714285714285,0.42857142857142855,0.5714285714285714,0.2857142857142857,0.14285714285714285,0.14285714285714285,0.14285714285714285,0.2857142857142857,0.2857142857142857
183,EKEKG,-3.04,0.2,0.2,0.0,0.0,0.2,0.8,0.8,0.4,0.4,0.0,0.2,0.4
184,TEYG,-1.475,0.5,0.5,0.0,0.25,0.5,0.5,0.25,0.0,0.25,0.25,0.25,0.25
185,TEYGT,-1.32,0.6000000000000001,0.4,0.0,0.2,0.4,0.6000000000000001,0.2,0.0,0.2,0.2,0.2,0.2
186,TEYGD,-1.8800000000000001,0.4,0.4,0.0,0.2,0.4,0.6000000000000001,0.4,0.0,0.4,0.2,0.2,0.2
187,HETQL,-1.4200000000000002,0.2,0.2,0.2,0.2,0.2,0.8,0.4,0.2,0.2,0.2,0.0,0.4
188,AWWNT,-0.8400000000000001,0.4,0.6000000000000001,0.2,0.4,0.6000000000000001,0.4,0.0,0.0,0.0,0.4,0.2,0.2
189,CGGGA,0.6200000000000001,1.0,1.0,0.2,0.0,1.0,0.0,0.0,0.0,0.0,0.0,0.6,0.2
190,CPKET,-1.44,0.4,0.4,0.0,0.0,0.4,0.6000000000000001,0.4,0.2,0.2,0.0,0.2,0.2
191,WSQDVDT,-1.2428571428571427,0.2857142857142857,0.2857142857142857,0.14285714285714285,0.14285714285714285,0.2857142857142857,0.7142857142857142,0.2857142857142857,0.0,0.2857142857142857,0.2857142857142857,0.14285714285714285,0.0
192,YPGQD,-2.06,0.2,0.6000000000000001,0.0,0.2,0.6000000000000001,0.4,0.2,0.0,0.2,0.2,0.4,0.0
193,YGRAP,-1.2,0.4,0.8,0.2,0.2,0.8,0.2,0.2,0.2,0.0,0.2,0.4,0.2
194,GQDC,-1.225,0.5,0.5,0.0,0.0,0.5,0.5,0.25,0.0,0.25,0.0,0.25,0.0
195,CGNCR,-0.6799999999999999,0.6000000000000001,0.6000000000000001,0.0,0.0,0.6000000000000001,0.4,0.2,0.2,0.0,0.0,0.4,0.0
196,CPWSK,-0.9400000000000001,0.4,0.6000000000000001,0.0,0.2,0.6000000000000001,0.4,0.2,0.2,0.0,0.2,0.4,0.0
197,LIISL,3.16,0.2,0.8,0.8,0.0,0.8,0.2,0.0,0.0,0.0,0.8,0.2,0.4
198,VQNLTGE,-0.5142857142857143,0.2857142857142857,0.42857142857142855,0.2857142857142857,0.0,0.42857142857142855,0.5714285714285714,0.14285714285714285,0.0,0.14285714285714285,0.2857142857142857,0.2857142857142857,0.2857142857142857
199,EKEKK,-3.7399999999999998,0.0,0.0,0.0,0.0,0.0,1.0,1.0,0.6,0.4,0.0,0.0,0.4
200,VVRAM,1.52,0.2,0.8,0.6000000000000001,0.0,0.8,0.2,0.2,0.2,0.0,0.4,0.0,0.4
201,KDCK,-2.2,0.25,0.25,0.0,0.0,0.25,0.75,0.75,0.5,0.25,0.0,0.0,0.0
202,KEETG,-2.4,0.4,0.2,0.0,0.0,0.2,0.8,0.6000000000000001,0.2,0.4,0.0,0.2,0.4
203,KKGKK,-3.2,0.2,0.2,0.0,0.0,0.2,0.8,0.8,0.8,0.0,0.0,0.2,0.0
204,KEEKK,-3.7399999999999998,0.0,0.0,0.0,0.0,0.0,1.0,1.0,0.6,0.4,0.0,0.0,0.4
205,KVTEFGD,-0.7142857142857143,0.2857142857142857,0.42857142857142855,0.14285714285714285,0.14285714285714285,0.42857142857142855,0.5714285714285714,0.42857142857142855,0.14285714285714285,0.2857142857142857,0.2857142857142857,0.14285714285714285,0.14285714285714285
206,DCVAF,1.56,0.4,0.8,0.4,0.2,0.8,0.2,0.2,0.0,0.2,0.4,0.0,0.2
207,CLIGG,2.0,0.6000000000000001,1.0,0.4,0.0,1.0,0.0,0.0,0.0,0.0,0.4,0.4,0.2
208,HWSQQAW,-1.5714285714285714,0.2857142857142857,0.42857142857142855,0.14285714285714285,0.42857142857142855,0.42857142857142855,0.5714285714285714,0.14285714285714285,0.14285714285714285,0.0,0.2857142857142857,0.14285714285714285,0.14285714285714285
209,CGSGG,0.1,1.0,0.8,0.0,0.0,0.8,0.2,0.0,0.0,0.0,0.0,0.8,0.0
210,GNGW,-1.3,0.5,0.75,0.0,0.25,0.75,0.25,0.0,0.0,0.0,0.25,0.75,0.0
211,CCCGF,1.9799999999999998,0.8,1.0,0.0,0.2,1.0,0.0,0.0,0.0,0.0,0.2,0.2,0.0
212,YWTQL,-0.5200000000000001,0.2,0.6000000000000001,0.2,0.4,0.6000000000000001,0.4,0.0,0.0,0.0,0.6000000000000001,0.0,0.2
213,VVCNY,1.2200000000000002,0.2,0.8,0.4,0.2,0.8,0.2,0.0,0.0,0.0,0.6000000000000001,0.2,0.0
214,ALGPY,0.4599999999999998,0.4,1.0,0.4,0.2,1.0,0.0,0.0,0.0,0.0,0.4,0.4,0.4
215,YVVCRYS,0.4285714285714288,0.2857142857142857,0.7142857142857142,0.2857142857142857,0.2857142857142857,0.7142857142857142,0.2857142857142857,0.14285714285714285,0.14285714285714285,0.0,0.5714285714285714,0.14285714285714285,0.0
216,AWANT,-0.29999999999999993,0.6000000000000001,0.6000000000000001,0.4,0.2,0.6000000000000001,0.4,0.0,0.0,0.0,0.2,0.2,0.4
217,AAPPY,-0.18000000000000002,0.4,1.0,0.4,0.2,1.0,0.0,0.0,0.0,0.0,0.2,0.4,0.4
218,EEETK,-3.02,0.2,0.0,0.0,0.0,0.0,1.0,0.8,0.2,0.6,0.0,0.0,0.6
219,KDKC,-2.2,0.25,0.25,0.0,0.0,0.25,0.75,0.75,0.5,0.25,0.0,0.0,0.0
220,GIGHWTQ,-0.6571428571428573,0.42857142857142855,0.5714285714285714,0.14285714285714285,0.2857142857142857,0.5714285714285714,0.42857142857142855,0.14285714285714285,0.14285714285714285,0.0,0.2857142857142857,0.2857142857142857,0.0
221,PPYGRLP,-1.0285714285714287,0.14285714285714285,0.857142857142857,0.14285714285714285,0.14285714285714285,0.857142857142857,0.14285714285714285,0.14285714285714285,0.14285714285714285,0.0,0.2857142857142857,0.5714285714285714,0.14285714285714285
222,KMKG,-1.5750000000000002,0.25,0.5,0.0,0.0,0.5,0.5,0.5,0.5,0.0,0.0,0.25,0.25
223,VNPPY,-0.76,0.0,0.8,0.2,0.2,0.8,0.2,0.0,0.0,0.0,0.4,0.6000000000000001,0.0
224,VVCQ,1.85,0.25,0.75,0.5,0.0,0.75,0.25,0.0,0.0,0.0,0.5,0.0,0.0
225,ADPPY,-1.24,0.2,0.8,0.2,0.2,0.8,0.2,0.2,0.0,0.2,0.2,0.4,0.2
226,VSGTKLV,0.9142857142857144,0.42857142857142855,0.5714285714285714,0.42857142857142855,0.0,0.5714285714285714,0.42857142857142855,0.14285714285714285,0.14285714285714285,0.0,0.42857142857142855,0.2857142857142857,0.14285714285714285
227,WSELI,0.6199999999999999,0.2,0.6000000000000001,0.4,0.2,0.6000000000000001,0.4,0.2,0.0,0.2,0.6000000000000001,0.2,0.4
228,VVCRY,1.02,0.2,0.8,0.4,0.2,0.8,0.2,0.2,0.2,0.0,0.6000000000000001,0.0,0.0
229,KKQAQEN,-2.857142857142857,0.14285714285714285,0.14285714285714285,0.14285714285714285,0.0,0.14285714285714285,0.8571428571428571,0.42857142857142855,0.2857142857142857,0.14285714285714285,0.0,0.14285714285714285,0.2857142857142857
230,HWSQMAW,-0.8,0.2857142857142857,0.5714285714285714,0.14285714285714285,0.42857142857142855,0.5714285714285714,0.42857142857142855,0.14285714285714285,0.14285714285714285,0.0,0.2857142857142857,0.14285714285714285,0.2857142857142857
231,AAVPY,0.9800000000000002,0.4,1.0,0.6000000000000001,0.2,1.0,0.0,0.0,0.0,0.0,0.4,0.2,0.4
232,PQPQN,-2.7399999999999998,0.0,0.4,0.0,0.0,0.4,0.6000000000000001,0.0,0.0,0.0,0.0,0.6000000000000001,0.0
233,HFTQM,-0.5400000000000001,0.2,0.4,0.0,0.4,0.4,0.6000000000000001,0.2,0.2,0.0,0.2,0.0,0.2
234,KKEKK,-3.8200000000000003,0.0,0.0,0.0,0.0,0.0,1.0,1.0,0.8,0.2,0.0,0.0,0.2
235,VVRTA,1.0,0.4,0.6000000000000001,0.6000000000000001,0.0,0.6000000000000001,0.4,0.2,0.2,0.0,0.4,0.0,0.2
236,NQVVVQ,0.3500000000000001,0.0,0.5,0.5,0.0,0.5,0.5,0.0,0.0,0.0,0.5,0.16666666666666666,0.0
237,YFEILD,0.4666666666666666,0.0,0.6666666666666666,0.3333333333333333,0.3333333333333333,0.6666666666666666,0.3333333333333333,0.3333333333333333,0.0,0.3333333333333333,0.6666666666666666,0.0,0.3333333333333333
238,GWENT,-1.8,0.4,0.4,0.0,0.2,0.4,0.6000000000000001,0.2,0.0,0.2,0.2,0.4,0.2
239,TLQVENQ,-0.9571428571428572,0.14285714285714285,0.2857142857142857,0.2857142857142857,0.0,0.2857142857142857,0.7142857142857142,0.14285714285714285,0.0,0.14285714285714285,0.2857142857142857,0.14285714285714285,0.2857142857142857
240,VSGTNLV,0.9714285714285715,0.42857142857142855,0.5714285714285714,0.42857142857142855,0.0,0.5714285714285714,0.42857142857142855,0.0,0.0,0.0,0.42857142857142855,0.42857142857142855,0.14285714285714285
241,CGIGG,1.1599999999999997,0.8,1.0,0.2,0.0,1.0,0.0,0.0,0.0,0.0,0.2,0.6,0.0
242,GWASE,-0.76,0.6000000000000001,0.6000000000000001,0.2,0.2,0.6000000000000001,0.4,0.2,0.0,0.2,0.2,0.4,0.4
243,YTLHFYA,0.27142857142857135,0.2857142857142857,0.7142857142857142,0.2857142857142857,0.5714285714285714,0.7142857142857142,0.2857142857142857,0.14285714285714285,0.14285714285714285,0.0,0.5714285714285714,0.0,0.2857142857142857
244,HWTQM,-1.28,0.2,0.4,0.0,0.4,0.4,0.6000000000000001,0.2,0.2,0.0,0.2,0.0,0.2
245,VAELDTF,0.7,0.2857142857142857,0.5714285714285714,0.42857142857142855,0.14285714285714285,0.5714285714285714,0.42857142857142855,0.2857142857142857,0.0,0.2857142857142857,0.42857142857142855,0.0,0.42857142857142855
246,KENKK,-3.7399999999999998,0.0,0.0,0.0,0.0,0.0,1.0,0.8,0.6,0.2,0.0,0.2,0.2
247,LIISI,3.3,0.2,0.8,0.8,0.0,0.8,0.2,0.0,0.0,0.0,0.8,0.2,0.2
248,TEKGT,-1.8399999999999999,0.6000000000000001,0.2,0.0,0.0,0.2,0.8,0.4,0.2,0.2,0.0,0.2,0.2
249,VTEYG,-0.34,0.4,0.6000000000000001,0.2,0.2,0.6000000000000001,0.4,0.2,0.0,0.2,0.4,0.2,0.2
250,YTFHFYA,0.1285714285714285,0.2857142857142857,0.7142857142857142,0.14285714285714285,0.7142857142857142,0.7142857142857142,0.2857142857142857,0.14285714285714285,0.14285714285714285,0.0,0.5714285714285714,0.0,0.14285714285714285
251,CCSGY,0.5,0.8,0.8,0.0,0.2,0.8,0.2,0.0,0.0,0.0,0.2,0.4,0.0
252,PPYGQLA,-0.4000000000000001,0.2857142857142857,0.857142857142857,0.2857142857142857,0.14285714285714285,0.857142857142857,0.14285714285714285,0.0,0.0,0.0,0.2857142857142857,0.42857142857142855,0.2857142857142857
253,TLQVDGQ,-0.5142857142857143,0.2857142857142857,0.42857142857142855,0.2857142857142857,0.0,0.42857142857142855,0.5714285714285714,0.14285714285714285,0.0,0.14285714285714285,0.2857142857142857,0.14285714285714285,0.14285714285714285
254,YFGAP,0.2599999999999999,0.4,1.0,0.2,0.4,1.0,0.0,0.0,0.0,0.0,0.4,0.4,0.2
255,YEDFNEP,-2.0142857142857142,0.0,0.42857142857142855,0.0,0.2857142857142857,0.42857142857142855,0.5714285714285714,0.42857142857142855,0.0,0.42857142857142855,0.2857142857142857,0.2857142857142857,0.2857142857142857
256,PAPQK,-1.7600000000000002,0.2,0.6000000000000001,0.2,0.0,0.6000000000000001,0.4,0.2,0.2,0.0,0.0,0.4,0.2
257,ELIYR,-0.2,0.0,0.6000000000000001,0.4,0.2,0.6000000000000001,0.4,0.4,0.2,0.2,0.6000000000000001,0.0,0.4
258,EEGKK,-3.04,0.2,0.2,0.0,0.0,0.2,0.8,0.8,0.4,0.4,0.0,0.2,0.4
259,LIISV,3.2399999999999998,0.2,0.8,0.8,0.0,0.8,0.2,0.0,0.0,0.0,0.8,0.2,0.2
260,TLQVIGG,1.0714285714285714,0.42857142857142855,0.7142857142857142,0.42857142857142855,0.0,0.7142857142857142,0.2857142857142857,0.0,0.0,0.0,0.42857142857142855,0.2857142857142857,0.14285714285714285
261,PPFGQLS,-0.18571428571428586,0.2857142857142857,0.7142857142857142,0.14285714285714285,0.14285714285714285,0.7142857142857142,0.2857142857142857,0.0,0.0,0.0,0.2857142857142857,0.5714285714285714,0.14285714285714285
262,VACQY,0.74,0.4,0.8,0.4,0.2,0.8,0.2,0.0,0.0,0.0,0.4,0.0,0.2
263,KGWWS,-1.3800000000000001,0.4,0.6000000000000001,0.0,0.4,0.6000000000000001,0.4,0.2,0.2,0.0,0.4,0.4,0.0
264,YRGAL,-0.1200000000000001,0.4,0.8,0.4,0.2,0.8,0.2,0.2,0.2,0.0,0.4,0.2,0.4
265,ADAEGAN,-0.7857142857142857,0.5714285714285714,0.5714285714285714,0.42857142857142855,0.0,0.5714285714285714,0.42857142857142855,0.2857142857142857,0.0,0.2857142857142857,0.0,0.2857142857142857,0.5714285714285714
266,CGGGY,4.4408920985006264e-17,0.8,1.0,0.0,0.2,1.0,0.0,0.0,0.0,0.0,0.2,0.6,0.0
267,YEIWNEP,-1.4,0.0,0.5714285714285714,0.14285714285714285,0.2857142857142857,0.5714285714285714,0.42857142857142855,0.2857142857142857,0.0,0.2857142857142857,0.42857142857142855,0.2857142857142857,0.2857142857142857
268,KEEDK,-3.66,0.0,0.0,0.0,0.0,0.0,1.0,1.0,0.4,0.6000000000000001,0.0,0.0,0.4
