id,seq_len,gravy,tiny,small,aliphatic,aromatic,non_polar,polar,charged,basic,acidic,helix,turn,sheet
DDVFH,-0.8162190309227911,-0.5902082798435924,-1.1119496225659795,-0.966389787123586,-0.7267535408735742,1.5659128865282084,-0.966389787123586,0.9663897871235869,1.460057089448729,0.38504528840626734,1.4780637545272595,-0.03620658678447731,-0.8811765500585225,-1.4320512158306664
SAFPV,-0.8162190309227911,0.6147833515718166,0.8022840573627705,0.8023120966479278,0.21112887664893537,0.2997588417000966,0.8023120966479278,-0.8023120966479269,-1.2854126530017447,-0.8836208039447553,-0.810113391016714,-0.03620658678447731,2.0195909749788497,-0.277238142928528
SAFEV,-0.8162190309227911,0.3762954245208503,0.8022840573627705,-0.0820388452378289,0.21112887664893537,0.2997588417000966,-0.0820388452378289,0.08203884523782987,-0.37025607218492024,-0.8836208039447553,0.33397518175527274,-0.03620658678447731,0.5692072124601636,0.8775749299736104
DEERG,-0.8162190309227911,-2.121551811434008,-0.15483278260160446,-1.850740729009343,-1.6646359583960837,-0.9663952031280152,-1.850740729009343,1.8507407290093434,2.3752136702655533,0.38504528840626734,2.6221523272992466,-2.1296056045051825,0.5692072124601636,0.8775749299736104
DLKDAIK,1.3686096882139722,-0.609932845238785,-0.4282947368771402,-0.8400539382827639,0.3451120791521508,-0.9663952031280152,-0.8400539382827639,0.840053938282764,1.3293204350463248,0.9287593279852768,0.8242988558004097,-0.6343205918475361,-0.8811765500585225,0.21768174545810257
EEERA,-0.8162190309227911,-1.84540789590131,-0.15483278260160446,-1.850740729009343,-0.7267535408735742,-0.9663952031280152,-1.850740729009343,1.8507407290093434,2.3752136702655533,0.38504528840626734,2.6221523272992457,-2.1296056045051825,-0.8811765500585225,3.1872010757778875
DEERGI,0.27619532864559054,-1.3286840539575495,-0.31435225592900035,-1.2611734344188386,-0.8830672771273259,-0.9663952031280152,-1.2611734344188386,1.2611734344188386,1.7651092830543365,0.17360093968109677,2.0501080409132526,-1.2573560137882223,0.32747658537371577,0.49263723900623074
DLKDKIK,1.3686096882139722,-1.1209784032051417,-1.1119496225659795,-1.4717331824868758,-0.3248039333639274,-0.9663952031280152,-1.4717331824868758,1.4717331824868758,1.983003707058342,1.8349493939502928,0.8242988558004097,-0.6343205918475361,-0.8811765500585225,-0.6071847351862819
DLKEAIK,1.3686096882139722,-0.609932845238785,-0.4282947368771402,-0.8400539382827639,0.3451120791521508,-0.9663952031280152,-0.8400539382827639,0.840053938282764,1.3293204350463248,0.9287593279852768,0.8242988558004097,-0.6343205918475361,-0.8811765500585225,1.042548226102487
IHVLM,-0.8162190309227911,1.2172791672795213,-1.1119496225659795,0.8023120966479278,1.1490112941714452,0.2997588417000966,0.8023120966479278,-0.8023120966479269,-0.37025607218492024,0.38504528840626734,-0.810113391016714,1.0104929220758756,-0.8811765500585225,0.8775749299736104
CDAKNLQ,1.3686096882139722,-0.7533842299310957,0.25536014881169894,-0.8400539382827639,-0.3248039333639274,-0.9663952031280152,-0.8400539382827639,0.840053938282764,0.02195389102229011,0.02256926202026076,0.0070927323918478676,-1.3819630981763593,0.15481185174053888,0.21768174545810257
LFCAVIG,1.3686096882139722,1.5328722136026047,0.9390150345005381,1.6866630385336845,1.015028091668229,-0.06199945682222117,1.6866630385336845,-1.6866630385336838,-1.2854126530017447,-0.8836208039447553,-0.810113391016714,0.8609644208101104,0.15481185174053888,0.21768174545810257
LYCVVVG,1.3686096882139722,1.353557982737216,0.25536014881169894,1.6866630385336845,1.015028091668229,-0.06199945682222117,1.6866630385336845,-1.6866630385336838,-1.2854126530017447,-0.8836208039447553,-0.810113391016714,1.6086069271389334,0.15481185174053888,-0.6071847351862819
YYDPAR,0.27619532864559054,-1.2763840699551445,-0.31435225592900035,0.21274480205742285,-0.8830672771273259,1.1438615382521709,0.21274480205742285,-0.21274480205742258,0.23984831502629592,0.17360093968109677,0.1432937529599415,-0.38510642307126175,0.32747658537371577,-0.4697069884122178
QFKEW,-0.8162190309227911,-1.3182240571570687,-1.1119496225659795,-0.966389787123586,-1.6646359583960837,1.5659128865282084,-0.966389787123586,0.9663897871235869,0.5449005086319042,0.38504528840626734,0.33397518175527274,-0.03620658678447731,-0.8811765500585225,-0.277238142928528
YLDDFN,0.27619532864559054,-0.7324642363301338,-1.1119496225659795,-0.5242143161807077,-0.8830672771273259,1.1438615382521709,-0.5242143161807077,0.5242143161807081,0.23984831502629592,-0.8836208039447553,1.096700896936597,0.48714316764569887,0.32747658537371577,-0.4697069884122178
YVDDFN,0.27619532864559054,-0.6906242491282097,-1.1119496225659795,-0.5242143161807077,-0.8830672771273259,1.1438615382521709,-0.5242143161807077,0.5242143161807081,0.23984831502629592,-0.8836208039447553,1.096700896936597,0.48714316764569887,0.32747658537371577,-1.4320512158306664
VVPDQ,-0.8162190309227911,-0.21364839502627697,-1.1119496225659795,-0.0820388452378289,0.21112887664893537,-0.9663952031280152,-0.0820388452378289,0.08203884523782987,-0.37025607218492024,-0.8836208039447553,0.33397518175527274,-0.03620658678447731,0.5692072124601636,-1.4320512158306664
LFAAKK,0.27619532864559054,0.062495520506420946,0.48324511070797865,0.21274480205742285,0.68007008541019,0.08873316756207784,0.21274480205742285,-0.21274480205742258,0.23984831502629592,1.2308226833069489,-0.810113391016714,-0.38510642307126175,-0.8811765500585225,1.4549814664246794
VVPEH,-0.8162190309227911,-0.17599240654454543,-1.1119496225659795,-0.0820388452378289,0.21112887664893537,0.2997588417000966,-0.0820388452378289,0.08203884523782987,0.5449005086319042,0.38504528840626734,0.33397518175527274,-0.03620658678447731,0.5692072124601636,-0.277238142928528
MVKLF,-0.8162190309227911,0.916031259425669,-1.1119496225659795,0.8023120966479278,0.21112887664893537,0.2997588417000966,0.8023120966479278,-0.8023120966479269,-0.37025607218492024,0.38504528840626734,-0.810113391016714,1.0104929220758756,-0.8811765500585225,0.8775749299736104
WLETG,-0.8162190309227911,-0.40192833743493467,0.8022840573627705,-0.0820388452378289,-0.7267535408735742,0.2997588417000966,-0.0820388452378289,0.08203884523782987,-0.37025607218492024,-0.8836208039447553,0.33397518175527274,-0.03620658678447731,0.5692072124601636,0.8775749299736104
WLDTG,-0.8162190309227911,-0.40192833743493467,0.8022840573627705,-0.0820388452378289,-0.7267535408735742,0.2997588417000966,-0.0820388452378289,0.08203884523782987,-0.37025607218492024,-0.8836208039447553,0.33397518175527274,-0.03620658678447731,0.5692072124601636,-0.277238142928528
LFLAKQ,0.27619532864559054,0.31353544371796427,-0.31435225592900035,0.21274480205742285,0.68007008541019,0.08873316756207784,0.21274480205742285,-0.21274480205742258,-0.5227821689877243,0.17360093968109677,-0.810113391016714,0.48714316764569887,-0.8811765500585225,1.4549814664246794
YGDEM,-0.8162190309227911,-1.0420801416243708,-0.15483278260160446,-0.0820388452378289,-1.6646359583960837,0.2997588417000966,-0.0820388452378289,0.08203884523782987,0.5449005086319042,-0.8836208039447553,1.4780637545272595,-1.08290609564483,0.5692072124601636,0.8775749299736104
FHVLFE,0.27619532864559054,0.5331953765280648,-1.1119496225659795,0.21274480205742285,-0.10149859585856799,2.1989899089422638,0.21274480205742285,-0.21274480205742258,0.23984831502629592,0.17360093968109677,0.1432937529599415,1.3593927583626593,-0.8811765500585225,0.49263723900623074
LFCAVVG,1.3686096882139722,1.5059750789727964,0.9390150345005381,1.686663038533684,1.015028091668229,-0.06199945682222117,1.686663038533684,-1.6866630385336838,-1.2854126530017447,-0.8836208039447553,-0.810113391016714,0.8609644208101104,0.15481185174053888,0.21768174545810257
LQCAVVG,1.3686096882139722,0.9411352517468233,0.9390150345005381,1.0549837943295721,1.015028091668229,-0.9663952031280152,1.0549837943295721,-1.054983794329572,-1.2854126530017447,-0.8836208039447553,-0.810113391016714,0.11332191448128712,0.15481185174053888,0.21768174545810257
GEERG,-0.8162190309227911,-1.7324399304561156,0.8022840573627705,-0.966389787123586,-1.6646359583960837,-0.9663952031280152,-0.966389787123586,0.9663897871235869,1.460057089448729,0.38504528840626734,1.4780637545272595,-2.1296056045051825,2.0195909749788497,0.8775749299736104
VHVLVV,0.27619532864559054,1.631495040578568,-1.1119496225659795,0.9497039202955534,2.2432074479477055,0.08873316756207784,0.9497039202955534,-0.9497039202955532,-0.5227821689877243,0.17360093968109677,-0.810113391016714,2.2316423490796193,-0.8811765500585225,-0.4697069884122178
CDAKDLQ,1.3686096882139722,-0.7533842299310957,0.25536014881169894,-0.8400539382827639,-0.3248039333639274,-0.9663952031280152,-0.8400539382827639,0.840053938282764,0.6756371630343075,0.02256926202026076,0.8242988558004097,-1.3819630981763593,-0.8811765500585225,0.21768174545810257
DDIFT,-0.8162190309227911,-0.2387523873474314,-0.15483278260160446,-0.966389787123586,-0.7267535408735742,0.2997588417000966,-0.966389787123586,0.9663897871235869,0.5449005086319042,-0.8836208039447553,1.4780637545272595,-0.03620658678447731,-0.8811765500585225,-1.4320512158306664
IHVLVM,0.27619532864559054,1.4222951045689485,-1.1119496225659795,0.9497039202955534,1.4616387666789479,0.08873316756207784,0.9497039202955534,-0.9497039202955532,-0.5227821689877243,0.17360093968109677,-0.810113391016714,1.3593927583626593,-0.8811765500585225,0.49263723900623074
VAGSAF,0.27619532864559054,0.7946952965400893,2.0784398439819367,0.9497039202955534,0.68007008541019,0.08873316756207784,0.9497039202955534,-0.9497039202955532,-1.2854126530017447,-0.8836208039447553,-0.810113391016714,-0.38510642307126175,1.5361297208059541,0.49263723900623074
IDESKSV,1.3686096882139722,-0.5292414413493602,0.25536014881169894,-1.4717331824868758,-0.3248039333639274,-0.9663952031280152,-1.4717331824868758,1.4717331824868758,0.6756371630343075,0.02256926202026076,0.8242988558004097,-0.6343205918475361,1.1908002535396003,-0.6071847351862819
VGVAGS,0.27619532864559054,0.7110153221362417,2.0784398439819367,0.9497039202955534,0.68007008541019,-0.9663952031280152,0.9497039202955534,-0.9497039202955532,-1.2854126530017447,-0.8836208039447553,-0.810113391016714,-0.38510642307126175,2.7447828562381926,-0.4697069884122178
FHVTFE,0.27619532864559054,0.06249552050642081,-0.31435225592900035,-0.5242143161807077,-0.8830672771273259,2.1989899089422638,-0.5242143161807077,0.5242143161807081,0.23984831502629592,0.17360093968109677,0.1432937529599415,0.48714316764569887,-0.8811765500585225,-0.4697069884122178
LFCAIAG,1.3686096882139722,1.3176951365641385,1.6226699201893775,1.686663038533684,1.015028091668229,-0.06199945682222117,1.686663038533684,-1.6866630385336838,-1.2854126530017447,-0.8836208039447553,-0.810113391016714,0.11332191448128712,0.15481185174053888,1.042548226102487
LFLAKR,0.27619532864559054,0.20893547571315452,-0.31435225592900035,0.21274480205742285,0.68007008541019,0.08873316756207784,0.21274480205742285,-0.21274480205742258,0.23984831502629592,1.2308226833069489,-0.810113391016714,0.48714316764569887,-0.8811765500585225,1.4549814664246794
ELQGED,0.27619532864559054,-1.2973040635561068,-0.31435225592900035,-1.2611734344188386,-0.8830672771273259,-0.9663952031280152,-1.2611734344188386,1.2611734344188386,1.0024787990403163,-0.8836208039447553,2.0501080409132526,-1.2573560137882223,0.32747658537371577,1.4549814664246794
LQLFLA,0.27619532864559054,1.118955197355,-0.31435225592900035,0.9497039202955534,1.4616387666789479,0.08873316756207784,0.9497039202955534,-0.9497039202955532,-1.2854126530017447,-0.8836208039447553,-0.810113391016714,1.3593927583626593,-0.8811765500585225,2.417325693843128
IDENKSV,1.3686096882139722,-0.7713156530176346,-0.4282947368771402,-1.4717331824868758,-0.3248039333639274,-0.9663952031280152,-1.4717331824868758,1.4717331824868758,0.6756371630343075,0.02256926202026076,0.8242988558004097,-0.6343205918475361,1.1908002535396003,-0.6071847351862819
LQCAIVG,1.3686096882139722,0.9680323863766315,0.9390150345005381,1.0549837943295717,1.015028091668229,-0.9663952031280152,1.0549837943295717,-1.054983794329572,-1.2854126530017447,-0.8836208039447553,-0.810113391016714,0.11332191448128712,0.15481185174053888,0.21768174545810257
VNVLV,-0.8162190309227911,1.430663102009333,-1.1119496225659795,0.8023120966479278,2.0868937116939543,-0.9663952031280152,0.8023120966479278,-0.8023120966479269,-1.2854126530017447,-0.8836208039447553,-0.810113391016714,2.057192430936228,0.5692072124601636,-0.277238142928528
GSAFSVE,1.3686096882139722,0.10732407822276792,1.6226699201893775,-0.20837469407865183,-0.3248039333639274,-0.06199945682222117,-0.20837469407865183,0.20837469407865206,-0.6317293809897273,-0.8836208039447553,0.0070927323918478676,-0.6343205918475361,2.2267886553386615,0.21768174545810257
QTGLWL,0.27619532864559054,0.03111553010497783,0.48324511070797865,0.21274480205742285,-0.10149859585856799,0.08873316756207784,0.21274480205742285,-0.21274480205742258,-1.2854126530017447,-0.8836208039447553,-0.810113391016714,0.48714316764569887,0.32747658537371577,0.49263723900623074
QFKDW,-0.8162190309227911,-1.3182240571570687,-1.1119496225659795,-0.966389787123586,-1.6646359583960837,1.5659128865282084,-0.966389787123586,0.9663897871235869,0.5449005086319042,0.38504528840626734,0.33397518175527274,-0.03620658678447731,-0.8811765500585225,-1.4320512158306664
IITCD,-0.8162190309227911,0.7277513170170115,0.8022840573627705,-0.0820388452378289,0.21112887664893537,-0.9663952031280152,-0.0820388452378289,0.08203884523782987,-0.37025607218492024,-0.8836208039447553,0.33397518175527274,-0.03620658678447731,-0.8811765500585225,-1.4320512158306664
WHFFW,-0.8162190309227911,-0.11323242574165973,-1.1119496225659795,0.8023120966479278,-1.6646359583960837,5.364375021012544,0.8023120966479278,-0.8023120966479269,-0.37025607218492024,0.38504528840626734,-0.810113391016714,2.057192430936228,-0.8811765500585225,-1.4320512158306664
NFKIW,-0.8162190309227911,-0.31406436431089446,-1.1119496225659795,-0.0820388452378289,-0.7267535408735742,1.5659128865282084,-0.0820388452378289,0.08203884523782987,-0.37025607218492024,0.38504528840626734,-0.810113391016714,1.0104929220758756,0.5692072124601636,-1.4320512158306664
QFKQW,-0.8162190309227911,-1.3182240571570687,-1.1119496225659795,-0.966389787123586,-1.6646359583960837,1.5659128865282084,-0.966389787123586,0.9663897871235869,-0.37025607218492024,0.38504528840626734,-0.810113391016714,-0.03620658678447731,-0.8811765500585225,-1.4320512158306664
YGDDAL,0.27619532864559054,-0.512804303520033,0.48324511070797865,0.21274480205742285,-0.10149859585856799,0.08873316756207784,0.21274480205742285,-0.21274480205742258,0.23984831502629592,-0.8836208039447553,1.096700896936597,-0.38510642307126175,0.32747658537371577,0.49263723900623074
GNAFPVD,1.3686096882139722,-0.2064758257916615,0.25536014881169894,0.4233045501254599,-0.3248039333639274,-0.06199945682222117,0.4233045501254599,-0.42330455012545987,-0.6317293809897273,-0.8836208039447553,0.0070927323918478676,-0.6343205918475361,2.2267886553386615,-0.6071847351862819
IHVLV,-0.8162190309227911,1.5059750789727964,-1.1119496225659795,0.8023120966479278,2.0868937116939543,0.2997588417000966,0.8023120966479278,-0.8023120966479269,-0.37025607218492024,0.38504528840626734,-0.810113391016714,2.057192430936228,-0.8811765500585225,-0.277238142928528
LFCSVVG,1.3686096882139722,1.2728665788477915,0.9390150345005381,1.0549837943295721,0.3451120791521508,-0.06199945682222117,1.0549837943295721,-1.054983794329572,-1.2854126530017447,-0.8836208039447553,-0.810113391016714,0.8609644208101104,1.1908002535396003,-0.6071847351862819
LFLAWK,0.27619532864559054,0.5854953605304698,-0.31435225592900035,0.9497039202955534,0.68007008541019,1.1438615382521709,0.9497039202955534,-0.9497039202955532,-0.5227821689877243,0.17360093968109677,-0.810113391016714,1.3593927583626593,-0.8811765500585225,1.4549814664246794
LVGDL,-0.8162190309227911,0.8030632939804743,-0.15483278260160446,0.8023120966479278,1.1490112941714452,-0.9663952031280152,0.8023120966479278,-0.8023120966479269,-0.37025607218492024,-0.8836208039447553,0.33397518175527274,1.0104929220758756,0.5692072124601636,0.8775749299736104
VDESDTV,1.3686096882139722,-0.5113100182628215,0.25536014881169894,-1.4717331824868758,-0.3248039333639274,-0.9663952031280152,-1.4717331824868758,1.4717331824868758,0.6756371630343075,-0.8836208039447553,1.6415049792089715,-0.6343205918475361,0.15481185174053888,-0.6071847351862819
QVGDWL,0.27619532864559054,-0.2199243931065656,-0.31435225592900035,0.21274480205742285,-0.10149859585856799,0.08873316756207784,0.21274480205742285,-0.21274480205742258,-0.5227821689877243,-0.8836208039447553,0.1432937529599415,0.48714316764569887,0.32747658537371577,-0.4697069884122178
VDEGKTV,1.3686096882139722,-0.5113100182628215,0.25536014881169894,-0.8400539382827639,-0.3248039333639274,-0.9663952031280152,-0.8400539382827639,0.840053938282764,0.6756371630343075,0.02256926202026076,0.8242988558004097,-0.6343205918475361,0.15481185174053888,-0.6071847351862819
QFKRW,-0.8162190309227911,-1.4437440187628405,-1.1119496225659795,-0.966389787123586,-1.6646359583960837,1.5659128865282084,-0.966389787123586,0.9663897871235869,0.5449005086319042,1.6537113807572899,-0.810113391016714,-0.03620658678447731,-0.8811765500585225,-1.4320512158306664
DLKKAVK,1.3686096882139722,-0.672692826041671,-0.4282947368771402,-0.8400539382827639,0.3451120791521508,-0.9663952031280152,-0.8400539382827639,0.840053938282764,1.3293204350463248,1.8349493939502928,0.0070927323918478676,-0.6343205918475361,-0.8811765500585225,0.21768174545810257
WRFFW,-0.8162190309227911,-0.276408375829163,-1.1119496225659795,0.8023120966479278,-1.6646359583960837,4.0982209761844315,0.8023120966479278,-0.8023120966479269,-0.37025607218492024,0.38504528840626734,-0.810113391016714,2.057192430936228,-0.8811765500585225,-1.4320512158306664
EHAQT,-0.8162190309227911,-1.3307760533176458,0.8022840573627705,-1.850740729009343,-0.7267535408735742,0.2997588417000966,-1.850740729009343,1.8507407290093434,0.5449005086319042,0.38504528840626734,0.33397518175527274,-2.1296056045051825,-0.8811765500585225,0.8775749299736104
DLKKVIK,1.3686096882139722,-0.4306186143733968,-1.1119496225659795,-0.8400539382827639,0.3451120791521508,-0.9663952031280152,-0.8400539382827639,0.840053938282764,1.3293204350463248,1.8349493939502928,0.0070927323918478676,0.11332191448128712,-0.8811765500585225,-0.6071847351862819
IDADKLQ,1.3686096882139722,-0.5740699990657073,-0.4282947368771402,-0.8400539382827639,0.3451120791521508,-0.9663952031280152,-0.8400539382827639,0.840053938282764,0.6756371630343075,0.02256926202026076,0.8242988558004097,-0.6343205918475361,-0.8811765500585225,0.21768174545810257
GEKTA,-0.8162190309227911,-1.0295281454637935,1.7594008973271458,-0.966389787123586,-0.7267535408735742,-0.9663952031280152,-0.966389787123586,0.9663897871235869,0.5449005086319042,0.38504528840626734,0.33397518175527274,-2.1296056045051825,0.5692072124601636,0.8775749299736104
HVLVVVP,1.3686096882139722,1.2280380211314443,-1.1119496225659795,1.0549837943295721,1.684944104184307,-0.06199945682222117,1.0549837943295721,-1.054983794329572,-0.6317293809897273,0.02256926202026076,-0.810113391016714,1.6086069271389334,0.15481185174053888,-0.6071847351862819
VHVLVA,0.27619532864559054,1.3804551173670243,-0.31435225592900035,0.9497039202955534,2.2432074479477055,0.08873316756207784,0.9497039202955534,-0.9497039202955532,-0.5227821689877243,0.17360093968109677,-0.810113391016714,1.3593927583626593,-0.8811765500585225,0.49263723900623074
GEKTT,-0.8162190309227911,-1.343328049478223,1.7594008973271458,-1.850740729009343,-1.6646359583960837,-0.9663952031280152,-1.850740729009343,1.8507407290093434,0.5449005086319042,0.38504528840626734,0.33397518175527274,-2.1296056045051825,0.5692072124601636,-0.277238142928528
DEERGF,0.27619532864559054,-1.5065039995657263,-0.31435225592900035,-1.2611734344188386,-1.6646359583960837,0.08873316756207784,-1.2611734344188386,1.2611734344188386,1.7651092830543365,0.17360093968109677,2.0501080409132526,-1.2573560137882223,0.32747658537371577,0.49263723900623074
RFQR,-1.9086333904911728,-1.7104739371751054,-1.1119496225659795,-1.6296529935379038,-1.6646359583960837,0.6162973529071245,-1.6296529935379038,1.629652993537904,1.0024787990403163,2.288044426932801,-0.810113391016714,-0.8212312184297419,-0.8811765500585225,-1.4320512158306664
YYDPTR,0.27619532864559054,-1.5378839899671692,-0.31435225592900035,-0.5242143161807077,-1.6646359583960837,1.1438615382521709,-0.5242143161807077,0.5242143161807081,0.23984831502629592,0.17360093968109677,0.1432937529599415,-0.38510642307126175,0.32747658537371577,-1.4320512158306664
EEERG,-0.8162190309227911,-2.121551811434008,-0.15483278260160446,-1.850740729009343,-1.6646359583960837,-0.9663952031280152,-1.850740729009343,1.8507407290093434,2.3752136702655533,0.38504528840626734,2.6221523272992457,-2.1296056045051825,0.5692072124601636,2.0323880028757486
DEERW,-0.8162190309227911,-2.184311792236894,-1.1119496225659795,-1.850740729009343,-1.6646359583960837,0.2997588417000966,-1.850740729009343,1.8507407290093434,2.3752136702655533,0.38504528840626734,2.6221523272992466,-1.08290609564483,-0.8811765500585225,0.8775749299736104
QFKKW,-0.8162190309227911,-1.3684320417993774,-1.1119496225659795,-0.966389787123586,-1.6646359583960837,1.5659128865282084,-0.966389787123586,0.9663897871235869,0.5449005086319042,1.6537113807572899,-0.810113391016714,-0.03620658678447731,-0.8811765500585225,-1.4320512158306664
VHVLVE,0.27619532864559054,0.8260752869415324,-1.1119496225659795,0.21274480205742285,1.4616387666789479,0.08873316756207784,0.21274480205742285,-0.21274480205742258,0.23984831502629592,0.17360093968109677,0.1432937529599415,1.3593927583626593,-0.8811765500585225,0.49263723900623074
LFCAI,-0.8162190309227911,1.7444630060237627,0.8022840573627705,1.6866630385336845,1.1490112941714452,0.2997588417000966,1.6866630385336845,-1.6866630385336838,-1.2854126530017447,-0.8836208039447553,-0.810113391016714,1.0104929220758756,-0.8811765500585225,0.8775749299736104
MVTLY,-0.8162190309227911,0.8030632939804743,-0.15483278260160446,0.8023120966479278,0.21112887664893537,0.2997588417000966,0.8023120966479278,-0.8023120966479269,-1.2854126530017447,-0.8836208039447553,-0.810113391016714,1.0104929220758756,-0.8811765500585225,0.8775749299736104
LLASP,-0.8162190309227911,0.6900953285352796,0.8022840573627705,0.8023120966479278,1.1490112941714452,-0.9663952031280152,0.8023120966479278,-0.8023120966479269,-1.2854126530017447,-0.8836208039447553,-0.810113391016714,-0.03620658678447731,2.0195909749788497,2.032388002875749
VDDFN,-0.8162190309227911,-0.6278642683253238,-1.1119496225659795,-0.966389787123586,-0.7267535408735742,0.2997588417000966,-0.966389787123586,0.9663897871235869,0.5449005086319042,-0.8836208039447553,1.4780637545272595,-0.03620658678447731,0.5692072124601636,-1.4320512158306664
VKLFC,-0.8162190309227911,0.9913432363891318,-0.15483278260160446,0.8023120966479278,0.21112887664893537,0.2997588417000966,0.8023120966479278,-0.8023120966479269,-0.37025607218492024,0.38504528840626734,-0.810113391016714,1.0104929220758756,-0.8811765500585225,-0.277238142928528
QFKTW,-0.8162190309227911,-0.9667681646609076,-0.15483278260160446,-0.966389787123586,-1.6646359583960837,1.5659128865282084,-0.966389787123586,0.9663897871235869,-0.37025607218492024,0.38504528840626734,-0.810113391016714,-0.03620658678447731,-0.8811765500585225,-1.4320512158306664
LFLAKA,0.27619532864559054,0.8679152741434565,0.48324511070797865,0.9497039202955534,1.4616387666789479,0.08873316756207784,0.9497039202955534,-0.9497039202955532,-0.5227821689877243,0.17360093968109677,-0.810113391016714,0.48714316764569887,-0.8811765500585225,2.417325693843128
QIHVL,-0.8162190309227911,0.5394713746083536,-1.1119496225659795,-0.0820388452378289,1.1490112941714452,0.2997588417000966,-0.0820388452378289,0.08203884523782987,-0.37025607218492024,0.38504528840626734,-0.810113391016714,1.0104929220758756,-0.8811765500585225,-0.277238142928528
LLCAIVG,1.3686096882139722,1.6225293290352985,0.9390150345005381,1.6866630385336845,1.684944104184307,-0.9663952031280152,1.6866630385336845,-1.6866630385336838,-1.2854126530017447,-0.8836208039447553,-0.810113391016714,0.8609644208101104,0.15481185174053888,1.042548226102487
GSVFSVD,1.3686096882139722,0.32250115526123374,0.9390150345005381,-0.20837469407865183,-0.3248039333639274,-0.06199945682222117,-0.20837469407865183,0.20837469407865206,-0.6317293809897273,-0.8836208039447553,0.0070927323918478676,0.11332191448128712,2.2267886553386615,-1.4320512158306664
LICAIVG,1.3686096882139722,1.6852893098381847,0.9390150345005381,1.6866630385336845,1.684944104184307,-0.9663952031280152,1.6866630385336845,-1.6866630385336838,-1.2854126530017447,-0.8836208039447553,-0.810113391016714,0.8609644208101104,0.15481185174053888,0.21768174545810257
LLCAVVG,1.3686096882139722,1.5956321944054903,0.9390150345005381,1.686663038533684,1.684944104184307,-0.9663952031280152,1.686663038533684,-1.6866630385336838,-1.2854126530017447,-0.8836208039447553,-0.810113391016714,0.8609644208101104,0.15481185174053888,1.042548226102487
ILKKAIK,1.3686096882139722,0.07146123204969036,-0.4282947368771402,-0.20837469407865183,1.015028091668229,-0.9663952031280152,-0.20837469407865183,0.20837469407865206,0.6756371630343075,1.8349493939502928,-0.810113391016714,0.11332191448128712,-0.8811765500585225,0.21768174545810257
MVTLF,-0.8162190309227911,1.3176951365641385,-0.15483278260160446,0.8023120966479278,0.21112887664893537,0.2997588417000966,0.8023120966479278,-0.8023120966479269,-1.2854126530017447,-0.8836208039447553,-0.810113391016714,1.0104929220758756,-0.8811765500585225,0.8775749299736104
RYLR,-1.9086333904911728,-1.2083940907520183,-1.1119496225659795,-0.5242143161807077,-0.49228293649294685,0.6162973529071245,-0.5242143161807077,0.5242143161807081,1.0024787990403163,2.288044426932801,-0.810113391016714,0.48714316764569887,-0.8811765500585225,0.011465125297006521
WHFSW,-0.8162190309227911,-0.565104287522438,-0.15483278260160446,-0.0820388452378289,-1.6646359583960837,4.0982209761844315,-0.0820388452378289,0.08203884523782987,-0.37025607218492024,0.38504528840626734,-0.810113391016714,1.0104929220758756,0.5692072124601636,-1.4320512158306664
VDDFT,-0.8162190309227911,-0.27640837582916294,-0.15483278260160446,-0.966389787123586,-0.7267535408735742,0.2997588417000966,-0.966389787123586,0.9663897871235869,0.5449005086319042,-0.8836208039447553,1.4780637545272595,-0.03620658678447731,-0.8811765500585225,-1.4320512158306664
VHVLQ,-0.8162190309227911,0.5018153861266221,-1.1119496225659795,-0.0820388452378289,1.1490112941714452,0.2997588417000966,-0.0820388452378289,0.08203884523782987,-0.37025607218492024,0.38504528840626734,-0.810113391016714,1.0104929220758756,-0.8811765500585225,-0.277238142928528
RFLR,-1.9086333904911728,-0.565104287522438,-1.1119496225659795,-0.5242143161807077,-0.49228293649294685,0.6162973529071245,-0.5242143161807077,0.5242143161807081,1.0024787990403163,2.288044426932801,-0.810113391016714,0.48714316764569887,-0.8811765500585225,0.011465125297006521
LFCSIVG,1.3686096882139722,1.2997637134775997,0.9390150345005381,1.0549837943295717,0.3451120791521508,-0.06199945682222117,1.0549837943295717,-1.054983794329572,-1.2854126530017447,-0.8836208039447553,-0.810113391016714,0.8609644208101104,1.1908002535396003,-0.6071847351862819
YGDEK,-0.8162190309227911,-1.7700959189378471,-0.15483278260160446,-0.966389787123586,-1.6646359583960837,0.2997588417000966,-0.966389787123586,0.9663897871235869,1.460057089448729,0.38504528840626734,1.4780637545272595,-1.08290609564483,0.5692072124601636,-0.277238142928528
IHVLVA,0.27619532864559054,1.4118351077684674,-0.31435225592900035,0.9497039202955534,2.2432074479477055,0.08873316756207784,0.9497039202955534,-0.9497039202955532,-0.5227821689877243,0.17360093968109677,-0.810113391016714,1.3593927583626593,-0.8811765500585225,0.49263723900623074
TITCH,-0.8162190309227911,0.11270350514872948,1.7594008973271458,-0.966389787123586,-0.7267535408735742,0.2997588417000966,-0.966389787123586,0.9663897871235869,-0.37025607218492024,0.38504528840626734,-0.810113391016714,-1.08290609564483,-0.8811765500585225,-1.4320512158306664
KLFCA,-0.8162190309227911,0.6900953285352796,0.8022840573627705,0.8023120966479278,0.21112887664893537,0.2997588417000966,0.8023120966479278,-0.8023120966479269,-0.37025607218492024,0.38504528840626734,-0.810113391016714,-0.03620658678447731,-0.8811765500585225,0.8775749299736104
DEERGP,0.27619532864559054,-1.9667438587868897,-0.31435225592900035,-1.2611734344188386,-1.6646359583960837,-0.9663952031280152,-1.2611734344188386,1.2611734344188386,1.7651092830543365,0.17360093968109677,2.0501080409132526,-2.1296056045051825,1.5361297208059541,0.49263723900623074
RHLR,-1.9086333904911728,-1.5065039995657263,-1.1119496225659795,-1.6296529935379038,-0.49228293649294685,0.6162973529071245,-1.6296529935379038,1.629652993537904,2.146424525061347,3.8738770423715794,-0.810113391016714,-0.8212312184297419,-0.8811765500585225,0.011465125297006521
KKAIK,-0.8162190309227911,-0.8663521953762904,-0.15483278260160446,-0.966389787123586,0.21112887664893537,-0.9663952031280152,-0.966389787123586,0.9663897871235865,1.4600570894487284,2.922377473108312,-0.810113391016714,-1.08290609564483,-0.8811765500585225,-0.277238142928528
RNLR,-1.9086333904911728,-1.5535739851678907,-1.1119496225659795,-1.6296529935379038,-0.49228293649294685,-0.9663952031280152,-1.6296529935379038,1.629652993537904,1.0024787990403163,2.288044426932801,-0.810113391016714,-0.8212312184297419,0.9318031530898351,0.011465125297006521
MVKLFC,0.27619532864559054,0.9934352357492284,-0.31435225592900035,0.9497039202955534,-0.10149859585856799,0.08873316756207784,0.9497039202955534,-0.9497039202955532,-0.5227821689877243,0.17360093968109677,-0.810113391016714,0.48714316764569887,-0.8811765500585225,0.49263723900623074
VDDYN,-0.8162190309227911,-1.1424961109089882,-1.1119496225659795,-0.966389787123586,-0.7267535408735742,0.2997588417000966,-0.966389787123586,0.9663897871235869,0.5449005086319042,-0.8836208039447553,1.4780637545272595,-0.03620658678447731,0.5692072124601636,-1.4320512158306664
KDAIK,-0.8162190309227911,-0.8161442107339816,-0.15483278260160446,-0.966389787123586,0.21112887664893537,-0.9663952031280152,-0.966389787123586,0.9663897871235869,1.460057089448729,1.6537113807572899,0.33397518175527274,-1.08290609564483,-0.8811765500585225,-0.277238142928528
MVKFF,-0.8162190309227911,0.7905112978198972,-1.1119496225659795,0.8023120966479278,-0.7267535408735742,1.5659128865282084,0.8023120966479278,-0.8023120966479269,-0.37025607218492024,0.38504528840626734,-0.810113391016714,1.0104929220758756,-0.8811765500585225,-0.277238142928528
TATCD,-0.8162190309227911,-0.2638563796685857,2.7165177372915204,-0.966389787123586,-0.7267535408735742,-0.9663952031280152,-0.966389787123586,0.9663897871235869,-0.37025607218492024,-0.8836208039447553,0.33397518175527274,-2.1296056045051825,-0.8811765500585225,-0.277238142928528
MVMLF,-0.8162190309227911,1.6440470367391453,-1.1119496225659795,1.6866630385336845,0.21112887664893537,0.2997588417000966,1.6866630385336845,-1.6866630385336838,-1.2854126530017447,-0.8836208039447553,-0.810113391016714,1.0104929220758756,-0.8811765500585225,2.032388002875749
MVGDL,-0.8162190309227911,0.5645753669295078,-0.15483278260160446,0.8023120966479278,0.21112887664893537,-0.9663952031280152,0.8023120966479278,-0.8023120966479269,-0.37025607218492024,-0.8836208039447553,0.33397518175527274,-0.03620658678447731,0.5692072124601636,0.8775749299736104
LVCAVVG,1.3686096882139722,1.631495040578568,0.9390150345005381,1.6866630385336845,1.684944104184307,-0.9663952031280152,1.6866630385336845,-1.6866630385336838,-1.2854126530017447,-0.8836208039447553,-0.810113391016714,0.8609644208101104,0.15481185174053888,0.21768174545810257
RMLR,-1.9086333904911728,-0.7063142443289313,-1.1119496225659795,-0.5242143161807077,-0.49228293649294685,-0.9663952031280152,-0.5242143161807077,0.5242143161807081,1.0024787990403163,2.288044426932801,-0.810113391016714,-0.8212312184297419,-0.8811765500585225,1.4549814664246794
LFCAIVG,1.3686096882139722,1.5328722136026047,0.9390150345005381,1.6866630385336845,1.015028091668229,-0.06199945682222117,1.6866630385336845,-1.6866630385336838,-1.2854126530017447,-0.8836208039447553,-0.810113391016714,0.8609644208101104,0.15481185174053888,0.21768174545810257
DEERGW,0.27619532864559054,-1.8935238811835227,-0.31435225592900035,-1.2611734344188386,-1.6646359583960837,0.08873316756207784,-1.2611734344188386,1.2611734344188386,1.7651092830543365,0.17360093968109677,2.0501080409132526,-1.2573560137882223,0.32747658537371577,0.49263723900623074
VDESDSV,1.3686096882139722,-0.5202757298060909,0.25536014881169894,-1.4717331824868758,-0.3248039333639274,-0.9663952031280152,-1.4717331824868758,1.4717331824868758,0.6756371630343075,-0.8836208039447553,1.6415049792089715,-0.6343205918475361,1.1908002535396003,-0.6071847351862819
MEERG,-0.8162190309227911,-1.4437440187628405,-0.15483278260160446,-0.966389787123586,-1.6646359583960837,-0.9663952031280152,-0.966389787123586,0.9663897871235869,1.460057089448729,0.38504528840626734,1.4780637545272595,-2.1296056045051825,0.5692072124601636,2.032388002875749
MDDFN,-0.8162190309227911,-0.9165601800185988,-1.1119496225659795,-0.966389787123586,-1.6646359583960837,0.2997588417000966,-0.966389787123586,0.9663897871235869,0.5449005086319042,-0.8836208039447553,1.4780637545272595,-1.08290609564483,0.5692072124601636,-0.277238142928528
GSVFPVD,1.3686096882139722,0.2507754629150784,0.25536014881169894,0.4233045501254599,-0.3248039333639274,-0.06199945682222117,0.4233045501254599,-0.42330455012545987,-0.6317293809897273,-0.8836208039447553,0.0070927323918478676,0.11332191448128712,2.2267886553386615,-1.4320512158306664
DDIFK,-0.8162190309227911,-0.6404162644859009,-1.1119496225659795,-0.966389787123586,-0.7267535408735742,0.2997588417000966,-0.966389787123586,0.9663897871235869,1.460057089448729,0.38504528840626734,1.4780637545272595,-0.03620658678447731,-0.8811765500585225,-1.4320512158306664
IHVLVV,0.27619532864559054,1.6628750309800107,-1.1119496225659795,0.9497039202955534,2.2432074479477055,0.08873316756207784,0.9497039202955534,-0.9497039202955532,-0.5227821689877243,0.17360093968109677,-0.810113391016714,2.2316423490796193,-0.8811765500585225,-0.4697069884122178
FHVLFK,0.27619532864559054,0.4913553893261409,-1.1119496225659795,0.21274480205742285,-0.10149859585856799,2.1989899089422638,0.21274480205742285,-0.21274480205742258,0.23984831502629592,1.2308226833069489,-0.810113391016714,1.3593927583626593,-0.8811765500585225,-0.4697069884122178
CAVVG,-0.8162190309227911,1.35535112504587,1.7594008973271458,1.6866630385336845,1.1490112941714452,-0.9663952031280152,1.6866630385336845,-1.6866630385336838,-1.2854126530017447,-0.8836208039447553,-0.810113391016714,-0.03620658678447731,0.5692072124601636,-0.277238142928528
TITCD,-0.8162190309227911,0.075047516666998,1.7594008973271458,-0.966389787123586,-0.7267535408735742,-0.9663952031280152,-0.966389787123586,0.9663897871235869,-0.37025607218492024,-0.8836208039447553,0.33397518175527274,-1.08290609564483,-0.8811765500585225,-1.4320512158306664
YGDEA,-0.8162190309227911,-1.054632137784948,0.8022840573627705,-0.0820388452378289,-0.7267535408735742,0.2997588417000966,-0.0820388452378289,0.08203884523782987,0.5449005086319042,-0.8836208039447553,1.4780637545272595,-1.08290609564483,0.5692072124601636,0.8775749299736104
LTCAIVG,1.3686096882139722,1.2190723095881748,1.6226699201893775,1.0549837943295717,1.015028091668229,-0.9663952031280152,1.0549837943295717,-1.054983794329572,-1.2854126530017447,-0.8836208039447553,-0.810113391016714,0.11332191448128712,0.15481185174053888,0.21768174545810257
IHVLVE,0.27619532864559054,0.8574552773429756,-1.1119496225659795,0.21274480205742285,1.4616387666789479,0.08873316756207784,0.21274480205742285,-0.21274480205742258,0.23984831502629592,0.17360093968109677,0.1432937529599415,1.3593927583626593,-0.8811765500585225,0.49263723900623074
DLKNAIK,1.3686096882139722,-0.609932845238785,-0.4282947368771402,-0.8400539382827639,0.3451120791521508,-0.9663952031280152,-0.8400539382827639,0.840053938282764,0.6756371630343075,0.9287593279852768,0.0070927323918478676,-0.6343205918475361,0.15481185174053888,0.21768174545810257
DEERAF,0.27619532864559054,-1.2763840699551445,-0.31435225592900035,-1.2611734344188386,-0.8830672771273259,0.08873316756207784,-1.2611734344188386,1.2611734344188386,1.7651092830543365,0.17360093968109677,2.0501080409132526,-1.2573560137882223,-0.8811765500585225,1.4549814664246794
HLKKVIK,1.3686096882139722,-0.4037214797435886,-1.1119496225659795,-0.8400539382827639,0.3451120791521508,-0.06199945682222117,-0.8400539382827639,0.840053938282764,1.3293204350463248,2.741139459915309,-0.810113391016714,0.11332191448128712,-0.8811765500585225,-0.6071847351862819
FIENAAL,1.3686096882139722,0.501815386126622,0.25536014881169894,0.4233045501254599,1.015028091668229,-0.06199945682222117,0.4233045501254599,-0.42330455012545987,-0.6317293809897273,-0.8836208039447553,0.0070927323918478676,0.11332191448128712,0.15481185174053888,1.8674147067468716
WLATG,-0.8162190309227911,0.2633274590756557,1.7594008973271458,0.8023120966479278,0.21112887664893537,0.2997588417000966,0.8023120966479278,-0.8023120966479269,-1.2854126530017447,-0.8836208039447553,-0.810113391016714,-0.03620658678447731,0.5692072124601636,0.8775749299736104
AKNPTK,0.27619532864559054,-1.4228240251618782,0.48324511070797865,-1.2611734344188386,-0.8830672771273259,-0.9663952031280152,-1.2611734344188386,1.2611734344188386,0.23984831502629592,1.2308226833069489,-0.810113391016714,-2.1296056045051825,1.5361297208059541,-0.4697069884122178
MVKLL,-0.8162190309227911,1.0415512210314408,-1.1119496225659795,0.8023120966479278,1.1490112941714452,-0.9663952031280152,0.8023120966479278,-0.8023120966479269,-0.37025607218492024,0.38504528840626734,-0.810113391016714,1.0104929220758756,-0.8811765500585225,2.032388002875749
WLVTG,-0.8162190309227911,0.5645753669295078,0.8022840573627705,0.8023120966479278,0.21112887664893537,0.2997588417000966,0.8023120966479278,-0.8023120966479269,-1.2854126530017447,-0.8836208039447553,-0.810113391016714,1.0104929220758756,0.5692072124601636,-0.277238142928528
RRLR,-1.9086333904911728,-1.7104739371751054,-1.1119496225659795,-1.6296529935379038,-0.49228293649294685,-0.9663952031280152,-1.6296529935379038,1.629652993537904,2.146424525061347,3.8738770423715794,-0.810113391016714,-0.8212312184297419,-0.8811765500585225,0.011465125297006521
FHVLV,-0.8162190309227911,1.2925911442429843,-1.1119496225659795,0.8023120966479278,1.1490112941714452,1.5659128865282084,0.8023120966479278,-0.8023120966479269,-0.37025607218492024,0.38504528840626734,-0.810113391016714,2.057192430936228,-0.8811765500585225,-0.277238142928528
VHILV,-0.8162190309227911,1.5059750789727964,-1.1119496225659795,0.8023120966479278,2.0868937116939543,0.2997588417000966,0.8023120966479278,-0.8023120966479269,-0.37025607218492024,0.38504528840626734,-0.810113391016714,2.057192430936228,-0.8811765500585225,-0.277238142928528
DEERI,-0.8162190309227911,-1.5065039995657263,-1.1119496225659795,-1.850740729009343,-0.7267535408735742,-0.9663952031280152,-1.850740729009343,1.8507407290093434,2.3752136702655533,0.38504528840626734,2.6221523272992466,-1.08290609564483,-0.8811765500585225,0.8775749299736104
CVVVG,-0.8162190309227911,1.6565990328997227,0.8022840573627705,1.6866630385336845,1.1490112941714448,-0.9663952031280152,1.6866630385336845,-1.6866630385336838,-1.2854126530017447,-0.8836208039447553,-0.810113391016714,1.0104929220758752,0.5692072124601636,-1.4320512158306664
LCCAIVG,1.3686096882139722,1.5059750789727964,1.6226699201893775,1.6866630385336845,1.015028091668229,-0.9663952031280152,1.6866630385336845,-1.6866630385336838,-1.2854126530017447,-0.8836208039447553,-0.810113391016714,0.11332191448128712,0.15481185174053888,0.21768174545810257
GSAFEVD,1.3686096882139722,-0.13475013344550624,0.9390150345005381,-0.20837469407865183,-0.3248039333639274,-0.06199945682222117,-0.20837469407865183,0.20837469407865206,0.02195389102229011,-0.8836208039447553,0.8242988558004097,-0.6343205918475361,1.1908002535396003,0.21768174545810257
IHILV,-0.8162190309227911,1.543631067454528,-1.1119496225659795,0.8023120966479278,2.0868937116939543,0.2997588417000966,0.8023120966479278,-0.8023120966479269,-0.37025607218492024,0.38504528840626734,-0.810113391016714,2.057192430936228,-0.8811765500585225,-0.277238142928528
KLFLA,-0.8162190309227911,0.8532712786227831,-0.15483278260160446,0.8023120966479278,1.1490112941714452,0.2997588417000966,0.8023120966479278,-0.8023120966479269,-0.37025607218492024,0.38504528840626734,-0.810113391016714,1.0104929220758756,-0.8811765500585225,2.032388002875749
PVDID,-0.8162190309227911,-0.1759924065445455,-1.1119496225659795,-0.0820388452378289,0.21112887664893537,-0.9663952031280152,-0.0820388452378289,0.08203884523782987,0.5449005086319042,-0.8836208039447553,1.4780637545272595,-0.03620658678447731,0.5692072124601636,-1.4320512158306664
DEERA,-0.8162190309227911,-1.84540789590131,-0.15483278260160446,-1.850740729009343,-0.7267535408735742,-0.9663952031280152,-1.850740729009343,1.8507407290093434,2.3752136702655533,0.38504528840626734,2.6221523272992466,-2.1296056045051825,-0.8811765500585225,2.032388002875749
QLFLA,-0.8162190309227911,0.9034792632650915,-0.15483278260160446,0.8023120966479278,1.1490112941714452,0.2997588417000966,0.8023120966479278,-0.8023120966479269,-1.2854126530017447,-0.8836208039447553,-0.810113391016714,1.0104929220758756,-0.8811765500585225,2.032388002875749
VDADKLQ,1.3686096882139722,-0.6009671336955157,-0.4282947368771402,-0.8400539382827639,0.3451120791521508,-0.9663952031280152,-0.8400539382827639,0.840053938282764,0.6756371630343075,0.02256926202026076,0.8242988558004097,-0.6343205918475361,-0.8811765500585225,0.21768174545810257
TITGD,-0.8162190309227911,-0.2889603719897401,1.7594008973271458,-0.966389787123586,-0.7267535408735742,-0.9663952031280152,-0.966389787123586,0.9663897871235869,-0.37025607218492024,-0.8836208039447553,0.33397518175527274,-1.08290609564483,0.5692072124601636,-1.4320512158306664
LFCWVVG,1.3686096882139722,1.263900867304522,0.25536014881169894,1.6866630385336845,0.3451120791521508,0.8423962894835729,1.6866630385336845,-1.6866630385336838,-1.2854126530017447,-0.8836208039447553,-0.810113391016714,1.6086069271389334,0.15481185174053888,-0.6071847351862819
VDAKNLQ,1.3686096882139722,-0.6009671336955157,-0.4282947368771402,-0.8400539382827639,0.3451120791521508,-0.9663952031280152,-0.8400539382827639,0.840053938282764,0.02195389102229011,0.02256926202026076,0.0070927323918478676,-0.6343205918475361,0.15481185174053888,0.21768174545810257
DLQKAIK,1.3686096882139722,-0.609932845238785,-0.4282947368771402,-0.8400539382827639,0.3451120791521508,-0.9663952031280152,-0.8400539382827639,0.840053938282764,0.6756371630343075,0.9287593279852768,0.0070927323918478676,-0.6343205918475361,-0.8811765500585225,0.21768174545810257
LQLFLAK,1.3686096882139722,0.5825067900160467,-0.4282947368771402,0.4233045501254599,1.015028091668229,-0.06199945682222117,0.4233045501254599,-0.42330455012545987,-0.6317293809897273,0.02256926202026076,-0.810113391016714,0.8609644208101104,-0.8811765500585225,1.8674147067468716
VDDFL,-0.8162190309227911,0.28843145139681003,-1.1119496225659795,-0.0820388452378289,0.21112887664893537,0.2997588417000966,-0.0820388452378289,0.08203884523782987,0.5449005086319042,-0.8836208039447553,1.4780637545272595,1.0104929220758756,-0.8811765500585225,-0.277238142928528
YVNDFN,0.27619532864559054,-0.6906242491282097,-1.1119496225659795,-0.5242143161807077,-0.8830672771273259,1.1438615382521709,-0.5242143161807077,0.5242143161807081,-0.5227821689877243,-0.8836208039447553,0.1432937529599415,0.48714316764569887,1.5361297208059541,-1.4320512158306664
IHVLVD,0.27619532864559054,0.8574552773429756,-1.1119496225659795,0.21274480205742285,1.4616387666789479,0.08873316756207784,0.21274480205742285,-0.21274480205742258,0.23984831502629592,0.17360093968109677,0.1432937529599415,1.3593927583626593,-0.8811765500585225,-0.4697069884122178
MFKIW,-0.8162190309227911,0.3637434283602729,-1.1119496225659795,0.8023120966479278,-0.7267535408735742,1.5659128865282084,0.8023120966479278,-0.8023120966479269,-0.37025607218492024,0.38504528840626734,-0.810113391016714,1.0104929220758756,-0.8811765500585225,-0.277238142928528
LGSPLLN,1.3686096882139722,0.2687068860016172,0.25536014881169894,0.4233045501254599,0.3451120791521508,-0.9663952031280152,0.4233045501254599,-0.42330455012545987,-1.2854126530017447,-0.8836208039447553,-0.810113391016714,0.11332191448128712,3.262777057137723,1.042548226102487
GSVFEVD,1.3686096882139722,0.08042694359295967,0.25536014881169894,-0.20837469407865183,-0.3248039333639274,-0.06199945682222117,-0.20837469407865183,0.20837469407865206,0.02195389102229011,-0.8836208039447553,0.8242988558004097,0.11332191448128712,1.1908002535396003,-0.6071847351862819
WKVTG,-0.8162190309227911,-0.40192833743493467,0.8022840573627705,-0.0820388452378289,-0.7267535408735742,0.2997588417000966,-0.0820388452378289,0.08203884523782987,-0.37025607218492024,0.38504528840626734,-0.810113391016714,-0.03620658678447731,0.5692072124601636,-1.4320512158306664
CCIVG,-0.8162190309227911,1.4808710866516417,1.7594008973271458,1.6866630385336845,0.21112887664893537,-0.9663952031280152,1.6866630385336845,-1.6866630385336838,-1.2854126530017447,-0.8836208039447553,-0.810113391016714,-0.03620658678447731,0.5692072124601636,-1.4320512158306664
MVKLV,-0.8162190309227911,1.0917592056737493,-1.1119496225659795,0.8023120966479278,1.1490112941714452,-0.9663952031280152,0.8023120966479278,-0.8023120966479269,-0.37025607218492024,0.38504528840626734,-0.810113391016714,1.0104929220758756,-0.8811765500585225,0.8775749299736104
CACVG,-0.8162190309227911,1.1419671903160582,2.7165177372915204,1.6866630385336845,0.21112887664893537,-0.9663952031280152,1.6866630385336845,-1.6866630385336838,-1.2854126530017447,-0.8836208039447553,-0.810113391016714,-1.08290609564483,0.5692072124601636,-0.277238142928528
FHRQFE,0.27619532864559054,-1.140404111548892,-1.1119496225659795,-1.2611734344188386,-1.6646359583960837,2.1989899089422638,-1.2611734344188386,1.2611734344188386,1.0024787990403163,1.2308226833069489,0.1432937529599415,-0.38510642307126175,-0.8811765500585225,-0.4697069884122178
CSVVG,-0.8162190309227911,1.0289992248708637,1.7594008973271458,0.8023120966479278,0.21112887664893537,-0.9663952031280152,0.8023120966479278,-0.8023120966479269,-1.2854126530017447,-0.8836208039447553,-0.810113391016714,-0.03620658678447731,2.0195909749788497,-1.4320512158306664
DEERAI,0.27619532864559054,-1.098564124346968,-0.31435225592900035,-1.2611734344188386,-0.10149859585856799,-0.9663952031280152,-1.2611734344188386,1.2611734344188386,1.7651092830543365,0.17360093968109677,2.0501080409132526,-1.2573560137882223,-0.8811765500585225,1.4549814664246794
GSTFPVD,1.3686096882139722,-0.18854440270512268,0.9390150345005381,-0.20837469407865183,-0.9947199458800056,-0.06199945682222117,-0.20837469407865183,0.20837469407865206,-0.6317293809897273,-0.8836208039447553,0.0070927323918478676,-0.6343205918475361,2.2267886553386615,-1.4320512158306664
VHVLV,-0.8162190309227911,1.4683190904910643,-1.1119496225659795,0.8023120966479278,2.0868937116939543,0.2997588417000966,0.8023120966479278,-0.8023120966479269,-0.37025607218492024,0.38504528840626734,-0.810113391016714,2.057192430936228,-0.8811765500585225,-0.277238142928528
WTVTG,-0.8162190309227911,-0.0002644602964650347,1.7594008973271458,-0.0820388452378289,-0.7267535408735742,0.2997588417000966,-0.0820388452378289,0.08203884523782987,-1.2854126530017447,-0.8836208039447553,-0.810113391016714,-0.03620658678447731,0.5692072124601636,-1.4320512158306664
LFCAPVG,1.3686096882139722,0.9859638094631703,0.9390150345005381,1.6866630385336845,0.3451120791521508,-0.06199945682222117,1.6866630385336845,-1.6866630385336838,-1.2854126530017447,-0.8836208039447553,-0.810113391016714,0.11332191448128712,1.1908002535396003,0.21768174545810257
ALKKAIK,1.3686096882139722,-0.1706129796185839,0.25536014881169894,-0.20837469407865183,1.015028091668229,-0.9663952031280152,-0.20837469407865183,0.20837469407865206,0.6756371630343075,1.8349493939502928,-0.810113391016714,-0.6343205918475361,-0.8811765500585225,1.042548226102487
YVDMFN,0.27619532864559054,-0.12578442190223685,-1.1119496225659795,0.21274480205742285,-0.8830672771273259,1.1438615382521709,0.21274480205742285,-0.21274480205742258,-0.5227821689877243,-0.8836208039447553,0.1432937529599415,0.48714316764569887,0.32747658537371577,-0.4697069884122178
IHVLVK,0.27619532864559054,0.8156152901410515,-1.1119496225659795,0.21274480205742285,1.4616387666789479,0.08873316756207784,0.21274480205742285,-0.21274480205742258,0.23984831502629592,1.2308226833069489,-0.810113391016714,1.3593927583626593,-0.8811765500585225,-0.4697069884122178
VVPEQ,-0.8162190309227911,-0.21364839502627697,-1.1119496225659795,-0.0820388452378289,0.21112887664893537,-0.9663952031280152,-0.0820388452378289,0.08203884523782987,-0.37025607218492024,-0.8836208039447553,0.33397518175527274,-0.03620658678447731,0.5692072124601636,-0.277238142928528
QFKAW,-0.8162190309227911,-0.6529682606464782,-0.15483278260160446,-0.0820388452378289,-0.7267535408735742,1.5659128865282084,-0.0820388452378289,0.08203884523782987,-0.37025607218492024,0.38504528840626734,-0.810113391016714,-0.03620658678447731,-0.8811765500585225,-0.277238142928528
DDVFT,-0.8162190309227911,-0.27640837582916294,-0.15483278260160446,-0.966389787123586,-0.7267535408735742,0.2997588417000966,-0.966389787123586,0.9663897871235869,0.5449005086319042,-0.8836208039447553,1.4780637545272595,-0.03620658678447731,-0.8811765500585225,-1.4320512158306664
YVDEFN,0.27619532864559054,-0.6906242491282097,-1.1119496225659795,-0.5242143161807077,-0.8830672771273259,1.1438615382521709,-0.5242143161807077,0.5242143161807081,0.23984831502629592,-0.8836208039447553,1.096700896936597,0.48714316764569887,0.32747658537371577,-0.4697069884122178
LYCAVVG,1.3686096882139722,1.1383809056987504,0.9390150345005381,1.6866630385336845,1.015028091668229,-0.06199945682222117,1.6866630385336845,-1.6866630385336838,-1.2854126530017447,-0.8836208039447553,-0.810113391016714,0.8609644208101104,0.15481185174053888,0.21768174545810257
GSAFSVD,1.3686096882139722,0.10732407822276792,1.6226699201893775,-0.20837469407865183,-0.3248039333639274,-0.06199945682222117,-0.20837469407865183,0.20837469407865206,-0.6317293809897273,-0.8836208039447553,0.0070927323918478676,-0.6343205918475361,2.2267886553386615,-0.6071847351862819
YMDEFN,0.27619532864559054,-0.9312041755392723,-1.1119496225659795,-0.5242143161807077,-1.6646359583960837,1.1438615382521709,-0.5242143161807077,0.5242143161807081,0.23984831502629592,-0.8836208039447553,1.096700896936597,-0.38510642307126175,0.32747658537371577,0.49263723900623074
CAIDG,-0.8162190309227911,0.42650340916315904,1.7594008973271458,0.8023120966479278,0.21112887664893537,-0.9663952031280152,0.8023120966479278,-0.8023120966479269,-0.37025607218492024,-0.8836208039447553,0.33397518175527274,-1.08290609564483,0.5692072124601636,-0.277238142928528
DDVFK,-0.8162190309227911,-0.6780722529676325,-1.1119496225659795,-0.966389787123586,-0.7267535408735742,0.2997588417000966,-0.966389787123586,0.9663897871235869,1.460057089448729,0.38504528840626734,1.4780637545272595,-0.03620658678447731,-0.8811765500585225,-1.4320512158306664
PFCAIVG,1.3686096882139722,1.0487237902660562,0.9390150345005381,1.6866630385336845,0.3451120791521508,-0.06199945682222117,1.6866630385336845,-1.6866630385336838,-1.2854126530017447,-0.8836208039447553,-0.810113391016714,0.11332191448128712,1.1908002535396003,-0.6071847351862819
FFCAVVG,1.3686096882139722,1.4163179635401022,0.9390150345005381,1.686663038533684,0.3451120791521508,0.8423962894835729,1.686663038533684,-1.6866630385336838,-1.2854126530017447,-0.8836208039447553,-0.810113391016714,0.8609644208101104,0.15481185174053888,-0.6071847351862819
LMASP,-0.8162190309227911,0.4516074014843134,0.8022840573627705,0.8023120966479278,0.21112887664893537,-0.9663952031280152,0.8023120966479278,-0.8023120966479269,-1.2854126530017447,-0.8836208039447553,-0.810113391016714,-1.08290609564483,2.0195909749788497,2.032388002875749
QFAKW,-0.8162190309227911,-0.6529682606464782,-0.15483278260160446,-0.0820388452378289,-0.7267535408735742,1.5659128865282084,-0.0820388452378289,0.08203884523782987,-0.37025607218492024,0.38504528840626734,-0.810113391016714,-0.03620658678447731,-0.8811765500585225,-0.277238142928528
VDMFN,-0.8162190309227911,0.04994352434584372,-1.1119496225659795,-0.0820388452378289,-0.7267535408735742,0.2997588417000966,-0.0820388452378289,0.08203884523782987,-0.37025607218492024,-0.8836208039447553,0.33397518175527274,-0.03620658678447731,0.5692072124601636,-0.277238142928528
RSLR,-1.9086333904911728,-1.129944114748411,0.08444642738948921,-1.6296529935379038,-0.49228293649294685,-0.9663952031280152,-1.6296529935379038,1.629652993537904,1.0024787990403163,2.288044426932801,-0.810113391016714,-0.8212312184297419,0.9318031530898351,0.011465125297006521
LFLARK,0.27619532864559054,0.20893547571315452,-0.31435225592900035,0.21274480205742285,0.68007008541019,0.08873316756207784,0.21274480205742285,-0.21274480205742258,0.23984831502629592,1.2308226833069489,-0.810113391016714,0.48714316764569887,-0.8811765500585225,1.4549814664246794
HLKEAIK,1.3686096882139722,-0.5830357106089769,-0.4282947368771402,-0.8400539382827639,0.3451120791521508,-0.06199945682222117,-0.8400539382827639,0.840053938282764,1.3293204350463248,1.8349493939502928,0.0070927323918478676,-0.6343205918475361,-0.8811765500585225,1.042548226102487
LFCCIVG,1.3686096882139722,1.5956321944054903,0.9390150345005381,1.6866630385336845,0.3451120791521508,-0.06199945682222117,1.6866630385336845,-1.6866630385336838,-1.2854126530017447,-0.8836208039447553,-0.810113391016714,0.8609644208101104,0.15481185174053888,-0.6071847351862819
QFQKW,-0.8162190309227911,-1.3182240571570687,-1.1119496225659795,-0.966389787123586,-1.6646359583960837,1.5659128865282084,-0.966389787123586,0.9663897871235869,-0.37025607218492024,0.38504528840626734,-0.810113391016714,-0.03620658678447731,-0.8811765500585225,-1.4320512158306664
YGDHA,-0.8162190309227911,-1.0169761493032163,0.8022840573627705,-0.0820388452378289,-0.7267535408735742,1.5659128865282084,-0.0820388452378289,0.08203884523782987,0.5449005086319042,0.38504528840626734,0.33397518175527274,-1.08290609564483,0.5692072124601636,-0.277238142928528
LYCAIVG,1.3686096882139722,1.1652780403285585,0.9390150345005381,1.6866630385336834,1.015028091668229,-0.06199945682222117,1.6866630385336834,-1.6866630385336838,-1.2854126530017447,-0.8836208039447553,-0.810113391016714,0.8609644208101104,0.15481185174053888,0.21768174545810257
GSAFEVR,1.3686096882139722,-0.22440724887820038,0.9390150345005381,-0.20837469407865183,-0.3248039333639274,-0.06199945682222117,-0.20837469407865183,0.20837469407865206,0.02195389102229011,0.02256926202026076,0.0070927323918478676,-0.6343205918475361,1.1908002535396003,0.21768174545810257
GVAGSAF,1.3686096882139722,0.6183696361891244,2.306324805878216,1.0549837943295717,0.3451120791521508,-0.06199945682222117,1.0549837943295717,-1.054983794329572,-1.2854126530017447,-0.8836208039447553,-0.810113391016714,-0.6343205918475361,2.2267886553386615,0.21768174545810257
LFKKW,-0.8162190309227911,-0.4521363220772434,-1.1119496225659795,-0.0820388452378289,-0.7267535408735742,1.5659128865282084,-0.0820388452378289,0.08203884523782987,0.5449005086319042,1.6537113807572899,-0.810113391016714,1.0104929220758756,-0.8811765500585225,-0.277238142928528
MFKKW,-0.8162190309227911,-0.6906242491282099,-1.1119496225659795,-0.0820388452378289,-1.6646359583960837,1.5659128865282084,-0.0820388452378289,0.08203884523782987,0.5449005086319042,1.6537113807572899,-0.810113391016714,-0.03620658678447731,-0.8811765500585225,-0.277238142928528
QFKIW,-0.8162190309227911,-0.31406436431089446,-1.1119496225659795,-0.0820388452378289,-0.7267535408735742,1.5659128865282084,-0.0820388452378289,0.08203884523782987,-0.37025607218492024,0.38504528840626734,-0.810113391016714,1.0104929220758756,-0.8811765500585225,-1.4320512158306664
NFKAW,-0.8162190309227911,-0.6529682606464782,-0.15483278260160446,-0.0820388452378289,-0.7267535408735742,1.5659128865282084,-0.0820388452378289,0.08203884523782987,-0.37025607218492024,0.38504528840626734,-0.810113391016714,-0.03620658678447731,0.5692072124601636,-0.277238142928528
SEERG,-0.8162190309227911,-1.7826479150984242,0.8022840573627705,-1.850740729009343,-1.6646359583960837,-0.9663952031280152,-1.850740729009343,1.8507407290093434,1.460057089448729,0.38504528840626734,1.4780637545272595,-2.1296056045051825,2.0195909749788497,0.8775749299736104
TIACD,-0.8162190309227911,0.3888474206814274,1.7594008973271458,-0.0820388452378289,0.21112887664893537,-0.9663952031280152,-0.0820388452378289,0.08203884523782987,-0.37025607218492024,-0.8836208039447553,0.33397518175527274,-1.08290609564483,-0.8811765500585225,-0.277238142928528
LYLAKK,0.27619532864559054,-0.15716441230367983,-0.31435225592900035,0.21274480205742285,0.68007008541019,0.08873316756207784,0.21274480205742285,-0.21274480205742258,0.23984831502629592,1.2308226833069489,-0.810113391016714,0.48714316764569887,-0.8811765500585225,1.4549814664246794
LKDAI,-0.8162190309227911,0.1503594936304611,-0.15483278260160446,-0.0820388452378289,1.1490112941714452,-0.9663952031280152,-0.0820388452378289,0.08203884523782987,0.5449005086319042,0.38504528840626734,0.33397518175527274,-0.03620658678447731,-0.8811765500585225,0.8775749299736104
SAFSV,-0.8162190309227911,0.715199320856434,1.7594008973271458,-0.0820388452378289,0.21112887664893537,0.2997588417000966,-0.0820388452378289,0.08203884523782987,-1.2854126530017447,-0.8836208039447553,-0.810113391016714,-0.03620658678447731,2.0195909749788497,-0.277238142928528
LNCAIVG,1.3686096882139722,0.9680323863766315,0.9390150345005381,1.0549837943295717,1.015028091668229,-0.9663952031280152,1.0549837943295717,-1.054983794329572,-1.2854126530017447,-0.8836208039447553,-0.810113391016714,0.11332191448128712,1.1908002535396003,0.21768174545810257
LFLAKK,0.27619532864559054,0.2716954565160403,-0.31435225592900035,0.21274480205742285,0.68007008541019,0.08873316756207784,0.21274480205742285,-0.21274480205742258,0.23984831502629592,1.2308226833069489,-0.810113391016714,0.48714316764569887,-0.8811765500585225,1.4549814664246794
NFKVW,-0.8162190309227911,-0.3517203527926259,-1.1119496225659795,-0.0820388452378289,-0.7267535408735742,1.5659128865282084,-0.0820388452378289,0.08203884523782987,-0.37025607218492024,0.38504528840626734,-0.810113391016714,1.0104929220758756,0.5692072124601636,-1.4320512158306664
CVIVG,-0.8162190309227911,1.6942550213814536,0.8022840573627705,1.6866630385336845,1.1490112941714452,-0.9663952031280152,1.6866630385336845,-1.6866630385336838,-1.2854126530017447,-0.8836208039447553,-0.810113391016714,1.0104929220758756,0.5692072124601636,-1.4320512158306664
FCAIV,-0.8162190309227911,1.7946709906660714,0.8022840573627705,1.6866630385336845,1.1490112941714452,0.2997588417000966,1.6866630385336845,-1.6866630385336838,-1.2854126530017447,-0.8836208039447553,-0.810113391016714,1.0104929220758756,-0.8811765500585225,-0.277238142928528
LFCCIYG,1.3686096882139722,1.1025180595256727,0.9390150345005381,1.6866630385336845,-0.3248039333639274,0.8423962894835729,1.6866630385336845,-1.6866630385336838,-1.2854126530017447,-0.8836208039447553,-0.810113391016714,0.8609644208101104,0.15481185174053888,-0.6071847351862819
VVPEG,-0.8162190309227911,0.17546348595161557,-0.15483278260160446,0.8023120966479278,0.21112887664893537,-0.9663952031280152,0.8023120966479278,-0.8023120966479269,-0.37025607218492024,-0.8836208039447553,0.33397518175527274,-0.03620658678447731,2.0195909749788497,-0.277238142928528
LFLAKT,0.27619532864559054,0.6064153541314317,0.48324511070797865,0.21274480205742285,0.68007008541019,0.08873316756207784,0.21274480205742285,-0.21274480205742258,-0.5227821689877243,0.17360093968109677,-0.810113391016714,0.48714316764569887,-0.8811765500585225,1.4549814664246794
VHVLM,-0.8162190309227911,1.1796231787977898,-1.1119496225659795,0.8023120966479278,1.1490112941714452,0.2997588417000966,0.8023120966479278,-0.8023120966479269,-0.37025607218492024,0.38504528840626734,-0.810113391016714,1.0104929220758756,-0.8811765500585225,0.8775749299736104
LFCAIGG,1.3686096882139722,1.1204494826122116,1.6226699201893775,1.686663038533684,0.3451120791521508,-0.06199945682222117,1.686663038533684,-1.6866630385336838,-1.2854126530017447,-0.8836208039447553,-0.810113391016714,0.11332191448128712,1.1908002535396003,0.21768174545810257
GITCD,-0.8162190309227911,0.11270350514872948,1.7594008973271458,-0.0820388452378289,-0.7267535408735742,-0.9663952031280152,-0.0820388452378289,0.08203884523782987,-0.37025607218492024,-0.8836208039447553,0.33397518175527274,-1.08290609564483,0.5692072124601636,-1.4320512158306664
LFCAIIG,1.3686096882139722,1.5597693482324126,0.9390150345005381,1.6866630385336845,1.015028091668229,-0.06199945682222117,1.6866630385336845,-1.6866630385336838,-1.2854126530017447,-0.8836208039447553,-0.810113391016714,0.8609644208101104,0.15481185174053888,0.21768174545810257
VHVIV,-0.8162190309227911,1.5561830636151048,-1.1119496225659795,0.8023120966479278,2.0868937116939543,0.2997588417000966,0.8023120966479278,-0.8023120966479269,-0.37025607218492024,0.38504528840626734,-0.810113391016714,2.057192430936228,-0.8811765500585225,-1.4320512158306664
TIRCD,-0.8162190309227911,-0.40192833743493467,0.8022840573627705,-0.966389787123586,-0.7267535408735742,-0.9663952031280152,-0.966389787123586,0.9663897871235869,0.5449005086319042,0.38504528840626734,0.33397518175527274,-1.08290609564483,-0.8811765500585225,-1.4320512158306664
DEERAW,0.27619532864559054,-1.663403951572941,-0.31435225592900035,-1.2611734344188386,-0.8830672771273259,0.08873316756207784,-1.2611734344188386,1.2611734344188386,1.7651092830543365,0.17360093968109677,2.0501080409132526,-1.2573560137882223,-0.8811765500585225,1.4549814664246794
DEERGL,0.27619532864559054,-1.4019040315609168,-0.31435225592900035,-1.2611734344188386,-0.8830672771273259,-0.9663952031280152,-1.2611734344188386,1.2611734344188386,1.7651092830543365,0.17360093968109677,2.0501080409132526,-1.2573560137882223,0.32747658537371577,1.4549814664246794
QFKVW,-0.8162190309227911,-0.3517203527926259,-1.1119496225659795,-0.0820388452378289,-0.7267535408735742,1.5659128865282084,-0.0820388452378289,0.08203884523782987,-0.37025607218492024,0.38504528840626734,-0.810113391016714,1.0104929220758756,-0.8811765500585225,-1.4320512158306664
AITCD,-0.8162190309227911,0.3888474206814274,1.7594008973271458,-0.0820388452378289,0.21112887664893537,-0.9663952031280152,-0.0820388452378289,0.08203884523782987,-0.37025607218492024,-0.8836208039447553,0.33397518175527274,-1.08290609564483,-0.8811765500585225,-0.277238142928528
GVAGSA,0.27619532864559054,0.4599753989246982,2.876037210618916,0.9497039202955534,0.68007008541019,-0.9663952031280152,0.9497039202955534,-0.9497039202955532,-1.2854126530017447,-0.8836208039447553,-0.810113391016714,-1.2573560137882223,2.7447828562381926,0.49263723900623074
RLLR,-1.9086333904911728,-0.40820433551522334,-1.1119496225659795,-0.5242143161807077,0.68007008541019,-0.9663952031280152,-0.5242143161807077,0.5242143161807081,1.0024787990403163,2.288044426932801,-0.810113391016714,0.48714316764569887,-0.8811765500585225,1.4549814664246794
VHVLVK,0.27619532864559054,0.7842352997396084,-1.1119496225659795,0.21274480205742285,1.4616387666789479,0.08873316756207784,0.21274480205742285,-0.21274480205742258,0.23984831502629592,1.2308226833069489,-0.810113391016714,1.3593927583626593,-0.8811765500585225,-0.4697069884122178
YMDDFN,0.27619532864559054,-0.9312041755392723,-1.1119496225659795,-0.5242143161807077,-1.6646359583960837,1.1438615382521709,-0.5242143161807077,0.5242143161807081,0.23984831502629592,-0.8836208039447553,1.096700896936597,-0.38510642307126175,0.32747658537371577,-0.4697069884122178
VVPKQ,-0.8162190309227911,-0.26385637966858566,-1.1119496225659795,-0.0820388452378289,0.21112887664893537,-0.9663952031280152,-0.0820388452378289,0.08203884523782987,-0.37025607218492024,0.38504528840626734,-0.810113391016714,-0.03620658678447731,0.5692072124601636,-1.4320512158306664
FIEAAVL,1.3686096882139722,1.1921751749583667,0.25536014881169894,1.0549837943295717,1.684944104184307,-0.06199945682222117,1.0549837943295717,-1.054983794329572,-0.6317293809897273,-0.8836208039447553,0.0070927323918478676,0.8609644208101104,-0.8811765500585225,1.8674147067468716
LFLAKE,0.27619532864559054,0.31353544371796427,-0.31435225592900035,0.21274480205742285,0.68007008541019,0.08873316756207784,0.21274480205742285,-0.21274480205742258,0.23984831502629592,0.17360093968109677,0.1432937529599415,0.48714316764569887,-0.8811765500585225,2.417325693843128
CDADKLQ,1.3686096882139722,-0.7533842299310957,0.25536014881169894,-0.8400539382827639,-0.3248039333639274,-0.9663952031280152,-0.8400539382827639,0.840053938282764,0.6756371630343075,0.02256926202026076,0.8242988558004097,-1.3819630981763593,-0.8811765500585225,0.21768174545810257
DEERGG,0.27619532864559054,-1.8412238971811177,0.48324511070797865,-1.2611734344188386,-1.6646359583960837,-0.9663952031280152,-1.2611734344188386,1.2611734344188386,1.7651092830543365,0.17360093968109677,2.0501080409132526,-2.1296056045051825,1.5361297208059541,0.49263723900623074
HLKDAIK,1.3686096882139722,-0.5830357106089769,-0.4282947368771402,-0.8400539382827639,0.3451120791521508,-0.06199945682222117,-0.8400539382827639,0.840053938282764,1.3293204350463248,1.8349493939502928,0.0070927323918478676,-0.6343205918475361,-0.8811765500585225,0.21768174545810257
LDDFN,-0.8162190309227911,-0.6780722529676325,-1.1119496225659795,-0.966389787123586,-0.7267535408735742,0.2997588417000966,-0.966389787123586,0.9663897871235869,0.5449005086319042,-0.8836208039447553,1.4780637545272595,-0.03620658678447731,0.5692072124601636,-0.277238142928528
YGDDA,-0.8162190309227911,-1.054632137784948,0.8022840573627705,-0.0820388452378289,-0.7267535408735742,0.2997588417000966,-0.0820388452378289,0.08203884523782987,0.5449005086319042,-0.8836208039447553,1.4780637545272595,-1.08290609564483,0.5692072124601636,-0.277238142928528
KEAIK,-0.8162190309227911,-0.8161442107339816,-0.15483278260160446,-0.966389787123586,0.21112887664893537,-0.9663952031280152,-0.966389787123586,0.9663897871235869,1.460057089448729,1.6537113807572899,0.33397518175527274,-1.08290609564483,-0.8811765500585225,0.8775749299736104
DLKKAIK,1.3686096882139722,-0.6457956914118627,-0.4282947368771402,-0.8400539382827639,0.3451120791521508,-0.9663952031280152,-0.8400539382827639,0.840053938282764,1.3293204350463248,1.8349493939502928,0.0070927323918478676,-0.6343205918475361,-0.8811765500585225,0.21768174545810257
HLKKAIK,1.3686096882139722,-0.6188985567820545,-0.4282947368771402,-0.8400539382827639,0.3451120791521508,-0.06199945682222117,-0.8400539382827639,0.840053938282764,1.3293204350463248,2.741139459915309,-0.810113391016714,-0.6343205918475361,-0.8811765500585225,0.21768174545810257
ALKDAIK,1.3686096882139722,-0.1347501334455062,0.25536014881169894,-0.20837469407865183,1.015028091668229,-0.9663952031280152,-0.20837469407865183,0.20837469407865206,0.6756371630343075,0.9287593279852768,0.0070927323918478676,-0.6343205918475361,-0.8811765500585225,1.042548226102487
DEERV,-0.8162190309227911,-1.544159988047458,-1.1119496225659795,-1.850740729009343,-0.7267535408735742,-0.9663952031280152,-1.850740729009343,1.8507407290093434,2.3752136702655533,0.38504528840626734,2.6221523272992466,-1.08290609564483,-0.8811765500585225,0.8775749299736104
LVCAIVG,1.3686096882139722,1.6583921752083763,0.9390150345005381,1.686663038533684,1.684944104184307,-0.9663952031280152,1.686663038533684,-1.6866630385336838,-1.2854126530017447,-0.8836208039447553,-0.810113391016714,0.8609644208101104,0.15481185174053888,0.21768174545810257
TITCE,-0.8162190309227911,0.075047516666998,1.7594008973271458,-0.966389787123586,-0.7267535408735742,-0.9663952031280152,-0.966389787123586,0.9663897871235869,-0.37025607218492024,-0.8836208039447553,0.33397518175527274,-1.08290609564483,-0.8811765500585225,-0.277238142928528
WQFFW,-0.8162190309227911,-0.15088841422339125,-1.1119496225659795,0.8023120966479278,-1.6646359583960837,4.0982209761844315,0.8023120966479278,-0.8023120966479269,-1.2854126530017447,-0.8836208039447553,-0.810113391016714,2.057192430936228,-0.8811765500585225,-1.4320512158306664
DGVFK,-0.8162190309227911,-0.2889603719897401,-0.15483278260160446,-0.0820388452378289,-0.7267535408735742,0.2997588417000966,-0.0820388452378289,0.08203884523782987,0.5449005086319042,0.38504528840626734,0.33397518175527274,-0.03620658678447731,0.5692072124601636,-1.4320512158306664
GSAFPVD,1.3686096882139722,0.035598385876612626,0.9390150345005381,0.4233045501254599,-0.3248039333639274,-0.06199945682222117,0.4233045501254599,-0.42330455012545987,-0.6317293809897273,-0.8836208039447553,0.0070927323918478676,-0.6343205918475361,2.2267886553386615,-0.6071847351862819
CAIVG,-0.8162190309227911,1.3930071135276016,1.7594008973271458,1.6866630385336845,1.1490112941714452,-0.9663952031280152,1.6866630385336845,-1.6866630385336838,-1.2854126530017447,-0.8836208039447553,-0.810113391016714,-0.03620658678447731,0.5692072124601636,-0.277238142928528
GSAFSVR,1.3686096882139722,0.017666962790073796,1.6226699201893775,-0.20837469407865183,-0.3248039333639274,-0.06199945682222117,-0.20837469407865183,0.20837469407865206,-0.6317293809897273,0.02256926202026076,-0.810113391016714,-0.6343205918475361,2.2267886553386615,-0.6071847351862819
IDEGDTV,1.3686096882139722,-0.44855003745993566,0.25536014881169894,-0.8400539382827639,-0.3248039333639274,-0.9663952031280152,-0.8400539382827639,0.840053938282764,0.6756371630343075,-0.8836208039447553,1.6415049792089715,-0.6343205918475361,0.15481185174053888,-0.6071847351862819
GGAFPVD,1.3686096882139722,0.0714612320496903,0.9390150345005381,1.0549837943295717,-0.3248039333639274,-0.06199945682222117,1.0549837943295717,-1.054983794329572,-0.6317293809897273,-0.8836208039447553,0.0070927323918478676,-0.6343205918475361,2.2267886553386615,-0.6071847351862819
KLKKAIK,1.3686096882139722,-0.6816585375849403,-0.4282947368771402,-0.8400539382827639,0.3451120791521508,-0.9663952031280152,-0.8400539382827639,0.840053938282764,1.3293204350463248,2.741139459915309,-0.810113391016714,-0.6343205918475361,-0.8811765500585225,0.21768174545810257
DDVFD,-0.8162190309227911,-0.6278642683253238,-1.1119496225659795,-0.966389787123586,-0.7267535408735742,0.2997588417000966,-0.966389787123586,0.9663897871235865,1.4600570894487284,-0.8836208039447553,2.6221523272992457,-0.03620658678447731,-0.8811765500585225,-1.4320512158306664
FIEDAAL,1.3686096882139722,0.501815386126622,0.25536014881169894,0.4233045501254599,1.015028091668229,-0.06199945682222117,0.4233045501254599,-0.42330455012545987,0.02195389102229011,-0.8836208039447553,0.8242988558004097,0.11332191448128712,-0.8811765500585225,1.8674147067468716
TIYCD,-0.8162190309227911,-0.0002644602964650347,0.8022840573627705,-0.0820388452378289,-0.7267535408735742,0.2997588417000966,-0.0820388452378289,0.08203884523782987,-0.37025607218492024,-0.8836208039447553,0.33397518175527274,-0.03620658678447731,-0.8811765500585225,-1.4320512158306664
MVKPF,-0.8162190309227911,0.23822346675450132,-1.1119496225659795,0.8023120966479278,-0.7267535408735742,0.2997588417000966,0.8023120966479278,-0.8023120966479269,-0.37025607218492024,0.38504528840626734,-0.810113391016714,-0.03620658678447731,0.5692072124601636,-0.277238142928528
YSDEA,-0.8162190309227911,-1.1048401224272566,0.8022840573627705,-0.966389787123586,-0.7267535408735742,0.2997588417000966,-0.966389787123586,0.9663897871235869,0.5449005086319042,-0.8836208039447553,1.4780637545272595,-1.08290609564483,0.5692072124601636,0.8775749299736104
EITCD,-0.8162190309227911,-0.27640837582916294,0.8022840573627705,-0.966389787123586,-0.7267535408735742,-0.9663952031280152,-0.966389787123586,0.9663897871235869,0.5449005086319042,-0.8836208039447553,1.4780637545272595,-1.08290609564483,-0.8811765500585225,-0.277238142928528
GSAFPVE,1.3686096882139722,0.035598385876612626,0.9390150345005381,0.4233045501254599,-0.3248039333639274,-0.06199945682222117,0.4233045501254599,-0.42330455012545987,-0.6317293809897273,-0.8836208039447553,0.0070927323918478676,-0.6343205918475361,2.2267886553386615,0.21768174545810257
FPVDI,-0.8162190309227911,0.6147833515718166,-1.1119496225659795,0.8023120966479278,0.21112887664893537,0.2997588417000966,0.8023120966479278,-0.8023120966479269,-0.37025607218492024,-0.8836208039447553,0.33397518175527274,1.0104929220758756,0.5692072124601636,-1.4320512158306664
MVKLY,-0.8162190309227911,0.4013994168420047,-1.1119496225659795,0.8023120966479278,0.21112887664893537,0.2997588417000966,0.8023120966479278,-0.8023120966479269,-0.37025607218492024,0.38504528840626734,-0.810113391016714,1.0104929220758756,-0.8811765500585225,0.8775749299736104
LWCAVVG,1.3686096882139722,1.174243751871828,0.9390150345005381,1.6866630385336845,1.015028091668229,-0.06199945682222117,1.6866630385336845,-1.6866630385336838,-1.2854126530017447,-0.8836208039447553,-0.810113391016714,0.8609644208101104,0.15481185174053888,0.21768174545810257
NFAKW,-0.8162190309227911,-0.6529682606464782,-0.15483278260160446,-0.0820388452378289,-0.7267535408735742,1.5659128865282084,-0.0820388452378289,0.08203884523782987,-0.37025607218492024,0.38504528840626734,-0.810113391016714,-0.03620658678447731,0.5692072124601636,-0.277238142928528
DEERGV,0.27619532864559054,-1.3600640443589924,-0.31435225592900035,-1.2611734344188386,-0.8830672771273259,-0.9663952031280152,-1.2611734344188386,1.2611734344188386,1.7651092830543365,0.17360093968109677,2.0501080409132526,-1.2573560137882223,0.32747658537371577,0.49263723900623074
DLKDVIK,1.3686096882139722,-0.39475576820031905,-1.1119496225659795,-0.8400539382827639,0.3451120791521508,-0.9663952031280152,-0.8400539382827639,0.840053938282764,1.3293204350463248,0.9287593279852768,0.8242988558004097,0.11332191448128712,-0.8811765500585225,-0.6071847351862819
CSIVG,-0.8162190309227911,1.066655213352595,1.7594008973271458,0.8023120966479278,0.21112887664893537,-0.9663952031280152,0.8023120966479278,-0.8023120966479269,-1.2854126530017447,-0.8836208039447553,-0.810113391016714,-0.03620658678447731,2.0195909749788497,-1.4320512158306664
